,City,lat,lng,max temp,Humidity,Cloudiness,Wind Speed,Country,Date
0,sarangani,5.4033,125.4636,28.400000000000034,74.0,100.0,4.86,PH,1623088730.0
1,fairbanks,64.8378,-147.7164,18.340000000000032,59.0,20.0,1.54,US,1623088664.0
3,waldoboro,44.0954,-69.3756,35.72000000000003,48.0,38.0,5.15,US,1623088731.0
4,aksu,41.1231,80.2644,25.590000000000032,28.0,60.0,5.29,CN,1623088731.0
5,wajima,37.4,136.9,18.05000000000001,85.0,2.0,3.52,JP,1623088731.0
6,reconquista,-29.15,-59.65,14.910000000000025,86.0,100.0,2.82,AR,1623088732.0
7,lewiston,44.1003,-70.2148,35.74000000000001,42.0,1.0,5.14,US,1623088442.0
8,lensk,60.7253,114.9278,11.590000000000032,57.0,89.0,2.02,RU,1623088732.0
9,diamantino,-14.4086,-56.4461,34.22000000000003,30.0,54.0,1.65,BR,1623088732.0
11,mayahi,13.9553,7.6712,36.950000000000045,16.0,16.0,3.19,NE,1623088733.0
12,severo-yeniseyskiy,60.3725,93.0408,-0.6099999999999568,78.0,22.0,0.76,RU,1623088733.0
13,krasnaya poyma,55.0014,39.08,15.910000000000025,91.0,86.0,2.51,RU,1623088734.0
14,umm lajj,25.0213,37.2685,29.54000000000002,56.0,0.0,5.66,SA,1623088734.0
15,merauke,-8.4667,140.3333,24.660000000000025,91.0,47.0,5.29,ID,1623088734.0
16,kavieng,-2.5744,150.7967,27.33000000000004,77.0,100.0,2.97,PG,1623088735.0
17,sayat,38.7839,63.8803,31.930000000000007,14.0,15.0,7.97,TM,1623088735.0
18,meulaboh,4.1363,96.1285,24.879999999999995,87.0,100.0,1.42,ID,1623088735.0
19,peniche,39.3558,-9.3811,22.710000000000036,80.0,2.0,7.97,PT,1623088736.0
20,ocampo,21.65,-101.5,24.600000000000023,25.0,17.0,2.62,MX,1623088736.0
22,larsnes,62.2028,5.5773,21.230000000000018,72.0,27.0,3.89,NO,1623088736.0
23,maraa,-1.8333,-65.3667,32.650000000000034,50.0,43.0,1.3,BR,1623088737.0
24,cochrane,51.1834,-114.4687,11.230000000000018,65.0,90.0,4.49,CA,1623088737.0
25,saint-pierre,-21.3393,55.4781,21.82000000000005,77.0,75.0,6.69,RE,1623088704.0
26,tres arroyos,-38.3739,-60.2798,14.160000000000025,44.0,98.0,6.39,AR,1623088737.0
27,adrar,20.5022,-10.0711,42.27000000000004,8.0,7.0,2.77,MR,1623088738.0
28,mabaruma,8.2,-59.7833,24.450000000000045,96.0,99.0,2.46,GY,1623088738.0
29,tuy hoa,13.0833,109.3,26.05000000000001,85.0,100.0,4.63,VN,1623088734.0
30,batagay,67.6333,134.6333,6.270000000000039,59.0,50.0,7.83,RU,1623088739.0
33,mount vernon,40.9126,-73.8371,35.710000000000036,57.0,20.0,2.68,US,1623088623.0
34,itoman,26.1247,127.6694,27.010000000000048,83.0,75.0,4.12,JP,1623088739.0
35,colombo,6.9319,79.8478,26.970000000000027,86.0,55.0,4.46,LK,1623088740.0
36,sistranda,63.7256,8.834,15.980000000000018,88.0,68.0,5.99,NO,1623088740.0
37,riyadh,24.6877,46.7219,42.03000000000003,8.0,0.0,5.66,SA,1623088316.0
38,viedma,-40.8135,-62.9967,16.58000000000004,26.0,15.0,8.4,AR,1623088740.0
39,nadym,65.5333,72.5167,5.770000000000039,60.0,85.0,2.79,RU,1623088260.0
40,mana,5.6592,-53.7767,27.310000000000002,82.0,65.0,4.4,GF,1623088741.0
41,nzerekore,7.7562,-8.8179,21.82000000000005,98.0,89.0,1.55,GN,1623088741.0
42,te anau,-45.4167,167.7167,4.970000000000027,94.0,20.0,0.56,NZ,1623088742.0
43,touros,-5.1989,-35.4608,25.5,68.0,54.0,6.62,BR,1623088491.0
44,pevek,69.7008,170.3133,2.6100000000000136,88.0,91.0,3.29,RU,1623088742.0
45,nhulunbuy,-12.2333,136.7667,22.340000000000032,94.0,58.0,2.06,AU,1623088743.0
46,ixtapa,20.7,-105.2,33.76000000000005,43.0,72.0,2.89,MX,1623088743.0
47,praya,14.9215,-23.5087,30.30000000000001,35.0,0.0,10.8,CV,1623088743.0
48,darlowo,54.421,16.4107,16.49000000000001,73.0,0.0,2.39,PL,1623088744.0
49,fraga,41.5229,0.3489,31.960000000000036,18.0,1.0,6.19,ES,1623088744.0
50,los llanos de aridane,28.6585,-17.9182,19.860000000000014,86.0,20.0,2.3,ES,1623088744.0
51,howard springs,-12.497,131.047,22.950000000000045,94.0,39.0,1.71,AU,1623088745.0
52,husavik,66.0449,-17.3389,10.950000000000045,76.0,99.0,1.9,IS,1623088691.0
53,straumen,63.8709,11.2999,20.0,68.0,59.0,0.88,NO,1623088745.0
54,lukulu,-14.3707,23.242,17.54000000000002,45.0,21.0,1.95,ZM,1623088746.0
55,isoka,-10.1606,32.6335,16.110000000000014,68.0,99.0,2.13,ZM,1623088746.0
56,urumqi,43.801,87.6005,21.53000000000003,28.0,0.0,1.1,CN,1623088212.0
57,niquero,20.0431,-77.5828,30.52000000000004,61.0,39.0,2.34,CU,1623088746.0
58,buchanan,5.8808,-10.0467,27.090000000000032,81.0,72.0,3.8,LR,1623088747.0
59,saint anthony,45.0205,-93.218,32.920000000000016,55.0,5.0,0.89,US,1623088747.0
60,vila franca do campo,37.7167,-25.4333,21.230000000000018,66.0,76.0,3.47,PT,1623088643.0
61,sakakah,29.9697,40.2064,35.76000000000005,9.0,6.0,3.76,SA,1623088748.0
62,santa barbara,34.7333,-120.0343,20.189999999999998,72.0,90.0,2.24,US,1623088673.0
63,kazerun,29.6195,51.6541,29.680000000000007,11.0,0.0,2.0,IR,1623088748.0
64,cidreira,-30.1811,-50.2056,17.5,79.0,100.0,7.02,BR,1623088748.0
65,ostrovnoy,68.0531,39.5131,6.160000000000025,65.0,33.0,3.16,RU,1623088749.0
66,haines junction,60.7522,-137.5108,8.970000000000027,87.0,100.0,0.51,CA,1623088634.0
67,avera,33.194,-82.5271,31.03000000000003,91.0,100.0,2.48,US,1623088749.0
69,wokha,26.1,94.2667,15.150000000000034,98.0,87.0,1.07,IN,1623088750.0
70,aripuana,-9.1667,-60.6333,34.69,36.0,95.0,1.72,BR,1623088751.0
71,kangaatsiaq,68.3065,-53.4641,3.590000000000032,81.0,97.0,3.15,GL,1623088751.0
72,tigil,57.8,158.6667,8.870000000000005,80.0,100.0,1.84,RU,1623088752.0
73,ucluelet,48.9329,-125.5528,13.939999999999998,86.0,82.0,2.82,CA,1623088533.0
74,talnakh,69.4865,88.3972,-2.4399999999999977,94.0,100.0,1.12,RU,1623088753.0
75,atherton,53.5237,-2.4935,21.200000000000045,59.0,100.0,3.13,GB,1623088753.0
76,geri,35.1,33.4167,25.660000000000025,29.0,0.0,5.66,CY,1623088753.0
77,englehart,47.8169,-79.8664,32.01000000000005,45.0,75.0,5.56,CA,1623088754.0
79,belmonte,-15.8631,-38.8828,28.0,85.0,81.0,3.44,BR,1623088754.0
80,moshenskoye,58.5102,34.5911,14.240000000000009,87.0,73.0,2.86,RU,1623088754.0
82,hays,30.0502,-98.0336,28.939999999999998,83.0,100.0,2.24,US,1623088755.0
83,tigre,-34.426,-58.5796,16.25,75.0,0.0,4.12,AR,1623088611.0
84,sola,-13.8833,167.55,26.07000000000005,77.0,97.0,9.4,VU,1623088755.0
85,wajir,1.7471,40.0573,30.980000000000018,45.0,1.0,6.17,KE,1623088756.0
86,chenzhou,25.8,113.0333,23.850000000000023,84.0,84.0,1.39,CN,1623088756.0
87,gondar,12.6,37.4667,19.840000000000032,54.0,86.0,3.19,ET,1623088756.0
88,port lincoln,-34.7333,135.8667,10.860000000000014,64.0,94.0,11.36,AU,1623088757.0
89,hit,33.6416,42.8251,31.840000000000032,15.0,0.0,4.8,IQ,1623088757.0
90,amazar,53.858,120.875,12.450000000000045,95.0,13.0,1.55,RU,1623088757.0
91,luebo,-5.35,21.4167,25.410000000000025,60.0,63.0,0.48,CD,1623088751.0
92,alice town,25.7167,-79.3,26.58000000000004,77.0,59.0,7.54,BS,1623088758.0
93,panorama,40.5878,23.0315,20.24000000000001,79.0,40.0,0.45,GR,1623088758.0
94,ananas,19.2466,-71.9557,26.04000000000002,40.0,28.0,1.87,HT,1623088758.0
95,nyaunglebin,17.95,96.7333,25.350000000000023,90.0,100.0,1.92,MM,1623088759.0
96,zhigansk,66.7697,123.3711,8.310000000000002,48.0,60.0,11.45,RU,1623088759.0
97,maniwaki,46.3834,-75.966,31.30000000000001,45.0,51.0,4.76,CA,1623088688.0
98,cincu,45.9167,24.8,20.79000000000002,79.0,20.0,0.16,RO,1623088760.0
100,jinchang,38.4953,102.1739,18.07000000000005,47.0,64.0,2.49,CN,1623088760.0
101,bratsk,56.1325,101.6142,12.270000000000039,96.0,30.0,2.38,RU,1623088760.0
102,nambucca heads,-30.65,153.0,14.0,85.0,87.0,2.38,AU,1623088761.0
103,sebring,27.4956,-81.4409,33.77000000000004,52.0,1.0,0.45,US,1623088761.0
104,havoysund,70.9963,24.6622,11.490000000000009,80.0,94.0,4.55,NO,1623088761.0
105,wanning,18.8003,110.3967,26.900000000000034,86.0,89.0,1.6,CN,1623088762.0
106,dezful,32.3811,48.4058,35.10000000000002,7.0,0.0,6.04,IR,1623088762.0
107,kazachinskoye,57.6953,93.2761,5.760000000000048,67.0,53.0,1.12,RU,1623088762.0
108,sheffield lake,41.4875,-82.1015,27.730000000000018,81.0,100.0,0.89,US,1623088762.0
109,lumphat,13.4878,106.9816,23.379999999999995,99.0,100.0,1.33,KH,1623088763.0
110,novotitarovskaya,45.2356,38.9792,17.260000000000048,77.0,38.0,3.81,RU,1623088763.0
111,kungurtug,50.5994,97.5228,3.490000000000009,86.0,11.0,0.43,RU,1623088763.0
112,timiryazevskiy,56.49,84.8769,12.870000000000005,94.0,95.0,2.53,RU,1623088764.0
113,bathsheba,13.2167,-59.5167,31.340000000000032,55.0,40.0,9.26,BB,1623088764.0
114,ouesso,1.6136,16.0517,23.150000000000034,88.0,44.0,1.2,CG,1623088764.0
115,tieli,46.95,128.05,12.57000000000005,84.0,2.0,1.35,CN,1623088765.0
116,kendari,-3.945,122.4989,23.25,89.0,25.0,0.89,ID,1623088765.0
118,bandarbeyla,9.4942,50.8122,26.960000000000036,80.0,3.0,13.71,SO,1623088766.0
119,agirish,61.9247,63.0231,5.340000000000032,59.0,33.0,1.7,RU,1623088766.0
120,hobart,-42.8794,147.3294,12.28000000000003,77.0,40.0,3.28,AU,1623088654.0
121,isangel,-19.55,169.2667,21.379999999999995,65.0,96.0,4.73,VU,1623088766.0
122,miraflores,19.2167,-98.8083,22.150000000000034,27.0,95.0,1.59,MX,1623088767.0
123,huntington,38.4193,-82.4452,29.140000000000043,96.0,100.0,2.07,US,1623088579.0
124,staryy nadym,65.6118,72.6842,5.580000000000041,61.0,86.0,1.84,RU,1623088767.0
125,maltahohe,-24.8333,16.9833,16.400000000000034,34.0,47.0,5.48,NA,1623088767.0
126,katobu,-4.9408,122.5276,22.980000000000018,93.0,9.0,1.38,ID,1623088768.0
127,chaman,30.9236,66.4512,30.78000000000003,9.0,0.0,1.34,PK,1623088768.0
128,rudsar,37.1376,50.288,20.99000000000001,85.0,42.0,1.62,IR,1623088768.0
129,pringsewu,-5.3582,104.9744,23.980000000000018,92.0,34.0,2.52,ID,1623088769.0
130,ilulissat,69.2167,-51.1,7.53000000000003,57.0,0.0,2.81,GL,1623088769.0
131,thunder bay,48.4001,-89.3168,28.950000000000045,22.0,40.0,3.6,CA,1623088769.0
132,thompson,55.7435,-97.8558,13.090000000000032,54.0,75.0,2.06,CA,1623088770.0
133,that phanom,16.9364,104.7104,24.160000000000025,94.0,100.0,3.2,TH,1623088770.0
134,hithadhoo,-0.6,73.0833,28.590000000000032,69.0,59.0,5.76,MV,1623088731.0
136,heishan,41.6892,122.1128,17.930000000000007,76.0,86.0,1.65,CN,1623088771.0
137,ulaangom,49.9811,92.0667,11.970000000000027,45.0,16.0,0.6,MN,1623088771.0
138,providencia,28.7167,-111.5833,36.03000000000003,26.0,35.0,5.81,MX,1623088771.0
139,verpelet,47.85,20.2333,19.400000000000034,72.0,32.0,0.65,HU,1623088772.0
140,betzdorf,50.7833,7.8833,19.470000000000027,79.0,99.0,1.29,DE,1623088772.0
141,russell,32.3502,-85.1999,30.600000000000023,89.0,90.0,3.05,US,1623088569.0
142,saint-philippe,-21.3585,55.7679,21.77000000000004,76.0,88.0,7.75,RE,1623088773.0
143,komsomolskiy,40.4272,71.7189,31.400000000000034,23.0,85.0,9.26,UZ,1623088773.0
145,elat,29.5581,34.9482,32.910000000000025,27.0,0.0,6.69,IL,1623088480.0
146,sioux lookout,50.1001,-91.917,22.210000000000036,43.0,20.0,4.63,CA,1623088773.0
147,lyambir,54.2817,45.1249,15.210000000000036,91.0,100.0,2.74,RU,1623088774.0
148,dharchula,29.85,80.5333,20.890000000000043,77.0,91.0,1.86,IN,1623088774.0
149,bluff,-46.6,168.3333,6.850000000000023,85.0,3.0,2.56,NZ,1623088774.0
150,norilsk,69.3535,88.2027,-1.6999999999999886,92.0,99.0,1.87,RU,1623088775.0
151,hirara,24.8,125.2833,27.430000000000007,76.0,100.0,5.84,JP,1623088775.0
152,yangambi,0.8102,24.4336,23.400000000000034,87.0,71.0,0.94,CD,1623088751.0
153,sao filipe,14.8961,-24.4956,24.910000000000025,65.0,5.0,6.09,CV,1623088632.0
154,kaduy,59.2,37.15,17.02000000000004,94.0,84.0,1.23,RU,1623088776.0
155,gravelbourg,49.8834,-106.5512,21.150000000000034,37.0,75.0,2.65,CA,1623088776.0
156,mbaiki,3.8678,17.9892,23.870000000000005,78.0,90.0,0.1,CF,1623088776.0
157,kontagora,10.3999,5.4695,27.620000000000005,57.0,34.0,2.37,NG,1623088777.0
158,biak,-0.9131,122.8766,24.189999999999998,83.0,17.0,2.31,ID,1623088777.0
159,slanic,45.25,25.9333,16.480000000000018,82.0,15.0,2.05,RO,1623088777.0
160,road town,18.4167,-64.6167,29.05000000000001,89.0,40.0,6.17,VG,1623088737.0
161,torbay,47.6666,-52.7314,16.600000000000023,65.0,75.0,5.14,CA,1623088778.0
162,felanitx,39.4696,3.1483,24.970000000000027,59.0,0.0,3.51,ES,1623088778.0
163,terrace,54.5163,-128.6035,15.240000000000009,76.0,75.0,1.03,CA,1623088778.0
164,ozernovskiy,51.5,156.5167,6.060000000000002,94.0,92.0,1.12,RU,1623088779.0
165,porangatu,-13.4408,-49.1486,33.32000000000005,25.0,55.0,2.12,BR,1623088779.0
166,kijang,35.2442,129.2139,19.850000000000023,68.0,99.0,2.84,KR,1623088780.0
167,bin qirdan,33.1378,11.2197,23.480000000000018,60.0,18.0,5.41,TN,1623088780.0
168,jamestown,42.097,-79.2353,29.54000000000002,55.0,1.0,2.68,US,1623088506.0
169,manitouwadge,49.1215,-85.8403,18.879999999999995,23.0,3.0,4.9,CA,1623088781.0
170,antalaha,-14.9003,50.2788,22.640000000000043,70.0,81.0,4.88,MG,1623088781.0
171,chapais,49.7834,-74.8492,28.879999999999995,48.0,19.0,6.94,CA,1623088781.0
172,taoudenni,22.6783,-3.9836,46.07000000000005,5.0,6.0,4.75,ML,1623088782.0
173,trinidad,-14.8333,-64.9,29.99000000000001,70.0,40.0,1.03,BO,1623088782.0
174,san miguelito,9.0333,-79.5,30.310000000000002,72.0,75.0,2.24,PA,1623088782.0
175,talara,-4.5772,-81.2719,26.420000000000016,73.0,40.0,2.57,PE,1623088783.0
176,atambua,-9.1061,124.8925,20.470000000000027,82.0,50.0,2.21,ID,1623088783.0
177,amantea,39.1332,16.0746,22.970000000000027,78.0,0.0,2.77,IT,1623088783.0
178,yerbogachen,61.2767,108.0108,5.240000000000009,96.0,99.0,2.61,RU,1623088784.0
179,pokaran,26.9167,71.9167,35.93000000000001,33.0,0.0,9.46,IN,1623088785.0
180,liku,-0.7275,119.8922,23.379999999999995,93.0,39.0,0.94,ID,1623088786.0
181,beringovskiy,63.05,179.3167,1.4500000000000455,97.0,100.0,2.37,RU,1623088786.0
182,yakeshi,49.2833,120.7333,12.680000000000007,65.0,1.0,2.77,CN,1623088786.0
183,keetmanshoop,-26.5833,18.1333,20.510000000000048,28.0,0.0,3.6,NA,1623088787.0
184,fortuna,40.5982,-124.1573,17.33000000000004,57.0,75.0,1.34,US,1623088787.0
185,athenree,-37.4667,175.9167,14.640000000000043,78.0,100.0,4.92,NZ,1623088787.0
186,parati,-23.2178,-44.7131,29.5,69.0,68.0,1.84,BR,1623088788.0
187,cumberland,35.0502,-78.8664,31.200000000000045,68.0,90.0,2.68,US,1623088788.0
188,serenje,-13.2325,30.2352,11.04000000000002,76.0,86.0,2.91,ZM,1623088788.0
189,bilibino,68.0546,166.4372,15.260000000000048,57.0,80.0,1.57,RU,1623088788.0
190,auki,-8.7676,160.7034,24.710000000000036,88.0,73.0,1.52,SB,1623088789.0
191,buala,-8.145,159.5921,25.230000000000018,88.0,88.0,2.94,SB,1623088789.0
192,baykit,61.67,96.37,1.0400000000000205,92.0,35.0,2.31,RU,1623088790.0
193,peace river,56.2501,-117.286,10.170000000000016,81.0,90.0,5.72,CA,1623088790.0
194,daugavpils,55.8833,26.5333,17.689999999999998,76.0,31.0,4.0,LV,1623088790.0
195,tongliao,43.6125,122.2653,18.08000000000004,67.0,40.0,3.39,CN,1623088791.0
196,seoul,37.5683,126.9778,18.689999999999998,91.0,75.0,0.76,KR,1623088774.0
198,upernavik,72.7868,-56.1549,0.5800000000000409,97.0,65.0,3.11,GL,1623088670.0
199,katsuura,35.1333,140.3,21.060000000000002,80.0,97.0,0.54,JP,1623088791.0
200,hofn,64.2539,-15.2082,9.010000000000048,93.0,90.0,6.69,IS,1623088792.0
201,dali,25.7,100.1833,17.49000000000001,89.0,68.0,1.12,CN,1623088792.0
202,gualaquiza,-3.4,-78.55,19.33000000000004,96.0,93.0,0.48,EC,1623088792.0
203,esparta,15.7437,-87.1766,33.08000000000004,68.0,34.0,3.59,HN,1623088793.0
204,sergeyevka,53.88,67.4158,17.30000000000001,40.0,30.0,2.06,KZ,1623088793.0
205,fort nelson,58.8053,-122.7002,11.770000000000039,43.0,75.0,3.09,CA,1623088793.0
206,dondo,-19.6094,34.7431,21.730000000000018,84.0,22.0,1.39,MZ,1623088794.0
207,loa janan,-0.583,117.095,22.58000000000004,96.0,88.0,0.66,ID,1623088794.0
208,inhuma,-6.6683,-41.7078,34.160000000000025,28.0,27.0,1.73,BR,1623088794.0
209,krasnaya zarya,52.7825,37.6806,14.420000000000016,90.0,100.0,2.47,RU,1623088795.0
210,catamarca,-28.4696,-65.7852,23.610000000000014,62.0,6.0,1.34,AR,1623088740.0
211,san luis,-33.295,-66.3356,15.260000000000048,43.0,100.0,0.72,AR,1623088795.0
213,pizarro,4.9533,-77.366,24.180000000000007,94.0,100.0,2.66,CO,1623088795.0
214,mahebourg,-20.4081,57.7,23.160000000000025,83.0,75.0,6.17,MU,1623088796.0
215,roald,62.5833,6.1333,21.200000000000045,82.0,20.0,5.14,NO,1623088796.0
216,celestun,20.8667,-90.4,32.98000000000002,53.0,74.0,1.94,MX,1623088796.0
217,nampa,43.5407,-116.5635,20.83000000000004,29.0,1.0,2.57,US,1623088797.0
218,kalat,29.0225,66.5916,25.939999999999998,16.0,16.0,2.25,PK,1623088797.0
219,dalvik,65.9702,-18.5286,10.960000000000036,76.0,100.0,1.23,IS,1623088797.0
220,raudeberg,61.9875,5.1352,20.78000000000003,87.0,17.0,7.16,NO,1623088798.0
222,chojnice,53.6955,17.557,18.960000000000036,58.0,9.0,2.85,PL,1623088798.0
223,mexico,15.0646,120.7198,28.010000000000048,83.0,100.0,0.83,PH,1623088055.0
225,richards bay,-28.783,32.0377,17.850000000000023,74.0,0.0,5.07,ZA,1623088680.0
227,acari,-15.4311,-74.6158,25.29000000000002,45.0,26.0,4.1,PE,1623088799.0
228,etchoropo,26.7667,-109.6667,32.99000000000001,38.0,18.0,5.31,MX,1623088799.0
229,vanimo,-2.6741,141.3028,25.53000000000003,89.0,95.0,1.69,PG,1623088800.0
230,new norfolk,-42.7826,147.0587,12.080000000000041,69.0,93.0,2.71,AU,1623088801.0
231,constitucion,-35.3333,-72.4167,15.360000000000014,52.0,41.0,1.69,CL,1623088802.0
232,nouakchott,18.0858,-15.9785,28.960000000000036,56.0,7.0,9.93,MR,1623088803.0
233,masvingo,-20.0637,30.8277,12.54000000000002,75.0,96.0,3.22,ZW,1623088804.0
234,chiredzi,-21.05,31.6667,17.960000000000036,55.0,96.0,1.18,ZW,1623088807.0
235,saint george,37.1041,-113.5841,34.26000000000005,12.0,53.0,1.79,US,1623088669.0
236,balkhash,46.844,74.9804,21.220000000000027,31.0,49.0,1.53,KZ,1623088809.0
237,rancagua,-34.1708,-70.7444,18.53000000000003,30.0,82.0,1.36,CL,1623088810.0
238,luena,-11.7833,19.9167,16.629999999999995,48.0,13.0,1.81,AO,1623088810.0
239,kisangani,0.5167,25.2,23.210000000000036,89.0,82.0,1.44,CD,1623088812.0
240,santa comba,43.0331,-8.8093,19.900000000000034,71.0,99.0,3.12,ES,1623088812.0
242,mogadishu,2.0371,45.3438,26.129999999999995,85.0,73.0,8.36,SO,1623088813.0
243,xuchang,34.0167,113.8167,26.620000000000005,46.0,100.0,3.0,CN,1623088813.0
245,mao,39.8885,4.2658,22.310000000000002,73.0,0.0,3.6,ES,1623088814.0
246,tromso,69.6496,18.957,14.360000000000014,58.0,75.0,7.2,NO,1623088814.0
247,cape canaveral,28.4058,-80.6048,32.920000000000016,70.0,94.0,5.91,US,1623088814.0
248,bairiki,1.3292,172.9752,28.150000000000034,71.0,23.0,4.43,KI,1623088815.0
249,bukama,-9.2,25.85,23.03000000000003,47.0,33.0,1.08,CD,1623088815.0
250,perth,-31.9333,115.8333,11.129999999999995,82.0,0.0,5.98,AU,1623088529.0
251,punta arenas,-53.15,-70.9167,5.060000000000002,80.0,98.0,3.09,CL,1623088816.0
252,cuamba,-14.8031,36.5372,17.28000000000003,70.0,49.0,2.79,MZ,1623088816.0
253,kodiak,57.79,-152.4072,10.370000000000005,67.0,3.0,2.41,US,1623088816.0
254,sarankhola,22.3082,89.7897,27.460000000000036,86.0,100.0,5.24,BD,1623088817.0
255,ginda,30.6945,78.4932,19.180000000000007,63.0,42.0,3.02,IN,1623088817.0
256,san joaquin,37.9333,-121.3011,24.090000000000032,33.0,8.0,2.95,US,1623088817.0
257,bria,6.5423,21.9863,23.28000000000003,79.0,30.0,1.61,CF,1623088818.0
258,taunggyi,20.7833,97.0333,19.390000000000043,90.0,100.0,1.03,MM,1623088818.0
259,nara,34.6851,135.8049,21.650000000000034,68.0,37.0,0.85,JP,1623088818.0
261,kiunga,-6.1219,141.2906,22.83000000000004,100.0,94.0,0.72,PG,1623088819.0
262,lasa,46.6166,10.7002,17.410000000000025,89.0,92.0,0.56,IT,1623088819.0
263,griffith,41.5284,-87.4237,25.150000000000034,87.0,90.0,0.89,US,1623088819.0
264,yashkul,46.1711,45.3435,18.160000000000025,63.0,87.0,2.68,RU,1623088820.0
265,arman,59.7,150.1667,6.57000000000005,88.0,100.0,2.2,RU,1623088821.0
266,grindavik,63.8424,-22.4338,9.75,87.0,75.0,5.07,IS,1623088821.0
267,camocim,-2.9022,-40.8411,27.83000000000004,75.0,31.0,3.49,BR,1623088821.0
269,puerto ayora,-0.7393,-90.3518,26.980000000000018,85.0,89.0,3.58,EC,1623088685.0
270,pandan,14.0453,124.1694,26.350000000000023,84.0,100.0,2.12,PH,1623088822.0
271,baherden,38.4362,57.4316,29.03000000000003,33.0,48.0,2.74,TM,1623088822.0
272,george,-33.963,22.4617,23.75,25.0,0.0,1.54,ZA,1623088823.0
273,cuyamel,15.6667,-88.2,36.120000000000005,62.0,36.0,2.34,HN,1623088823.0
274,aleysk,52.4926,82.7822,15.160000000000025,82.0,0.0,2.48,RU,1623088824.0
275,faanui,-16.4833,-151.75,26.700000000000045,76.0,19.0,5.33,PF,1623088824.0
276,galveston,29.3669,-94.9669,32.85000000000002,82.0,90.0,4.92,US,1623088825.0
277,east london,-33.0153,27.9116,15.520000000000039,67.0,0.0,2.06,ZA,1623088622.0
278,vera cruz,-12.6333,-41.0333,28.470000000000027,41.0,73.0,3.27,BR,1623088825.0
279,bethel,41.3712,-73.414,35.08000000000004,55.0,27.0,0.45,US,1623088826.0
280,castro,-24.7911,-50.0119,14.050000000000011,99.0,100.0,0.84,BR,1623088827.0
281,marawi,7.9986,124.2928,21.470000000000027,93.0,99.0,0.57,PH,1623088827.0
282,bredasdorp,-34.5322,20.0403,16.78000000000003,48.0,100.0,2.33,ZA,1623088827.0
283,santa lucia,27.9117,-15.5407,18.620000000000005,68.0,20.0,3.6,ES,1623088828.0
284,sterling,39.0062,-77.4286,33.900000000000034,61.0,1.0,0.45,US,1623088583.0
285,santee,32.8384,-116.9739,22.79000000000002,76.0,90.0,2.24,US,1623088750.0
286,sorong,-0.8833,131.25,25.810000000000002,88.0,72.0,3.25,ID,1623088829.0
287,asind,25.7333,74.3333,32.460000000000036,45.0,12.0,8.6,IN,1623088830.0
288,sur,22.5667,59.5289,30.470000000000027,69.0,0.0,6.98,OM,1623088830.0
289,gevrai,19.2667,75.75,28.600000000000023,61.0,77.0,6.33,IN,1623088831.0
290,mahibadhoo,3.7833,72.9667,28.400000000000034,72.0,86.0,7.26,MV,1623088831.0
291,fort smith,35.3859,-94.3986,21.27000000000004,76.0,90.0,2.14,US,1623088832.0
292,sahuaripa,29.05,-109.2333,37.51000000000005,10.0,12.0,6.21,MX,1623088833.0
293,bambanglipuro,-7.95,110.2833,14.78000000000003,86.0,28.0,0.9,ID,1623088833.0
294,aksha,50.2814,113.2867,13.480000000000018,97.0,100.0,0.57,RU,1623088834.0
295,makakilo city,21.3469,-158.0858,25.379999999999995,66.0,3.0,6.76,US,1623088835.0
296,uglegorsk,49.0833,142.0333,6.53000000000003,94.0,67.0,4.27,RU,1623088835.0
297,porto novo,6.4965,2.6036,27.150000000000034,75.0,62.0,3.11,BJ,1623088836.0
298,klyuchi,52.2667,79.1667,18.150000000000034,52.0,3.0,3.25,RU,1623088837.0
299,la playa,18.2875,-67.1869,30.27000000000004,79.0,100.0,0.89,PR,1623088837.0
300,byron bay,-28.65,153.6167,11.04000000000002,87.0,27.0,3.25,AU,1623088482.0
301,mezhdurechensk,53.6942,88.0603,11.150000000000034,85.0,1.0,0.94,RU,1623088837.0
302,alice springs,-23.7,133.8833,7.75,53.0,72.0,3.1,AU,1623088838.0
303,vitim,59.4511,112.5578,10.370000000000005,67.0,100.0,2.66,RU,1623088839.0
304,sambava,-14.2667,50.1667,23.0,72.0,64.0,5.98,MG,1623088840.0
305,tirumullaivasal,11.2333,79.8333,29.74000000000001,74.0,56.0,7.53,IN,1623088840.0
306,lakhnadon,22.6,79.6,25.99000000000001,69.0,77.0,5.78,IN,1623088841.0
307,chuy,-33.6971,-53.4616,16.170000000000016,69.0,38.0,5.24,UY,1623088841.0
308,santa rosa,14.3122,121.1114,27.840000000000032,87.0,100.0,1.4,PH,1623088842.0
309,roebourne,-20.7833,117.1333,24.910000000000025,53.0,99.0,4.52,AU,1623088843.0
310,havre-saint-pierre,50.2334,-63.5986,12.240000000000009,81.0,93.0,2.03,CA,1623088843.0
311,kastornoye,51.8334,38.1302,14.930000000000007,88.0,92.0,2.23,RU,1623088844.0
312,boa vista,2.8197,-60.6733,31.99000000000001,48.0,75.0,5.66,BR,1623088845.0
313,charlestown,-32.95,151.6667,12.629999999999995,79.0,100.0,1.79,AU,1623088707.0
314,aitape,-3.1374,142.3475,25.52000000000004,87.0,95.0,1.94,PG,1623088845.0
315,zhezkazgan,47.8043,67.7144,23.49000000000001,27.0,60.0,5.48,KZ,1623088846.0
316,namatanai,-3.6667,152.4333,26.02000000000004,80.0,86.0,1.35,PG,1623088846.0
317,humberto de campos,-2.5983,-43.4611,28.260000000000048,76.0,37.0,1.9,BR,1623088847.0
318,bengkulu,-3.8004,102.2655,24.110000000000014,87.0,24.0,1.61,ID,1623088848.0
319,sonoita,31.85,-112.8333,33.629999999999995,15.0,99.0,8.26,MX,1623088848.0
320,yamada,39.4667,141.95,16.32000000000005,70.0,62.0,2.56,JP,1623088849.0
321,azanka,58.0401,64.7893,9.730000000000018,93.0,96.0,4.36,RU,1623088850.0
322,kieta,-6.2167,155.6333,25.460000000000036,82.0,91.0,0.87,PG,1623088850.0
324,lata,40.1629,-8.3327,27.25,50.0,0.0,3.25,PT,1623088733.0
325,waipawa,-41.4122,175.5153,11.350000000000023,90.0,100.0,3.21,NZ,1623088852.0
326,sao miguel do araguaia,-13.275,-50.1628,33.39000000000004,26.0,89.0,2.52,BR,1623088852.0
327,rawson,-43.3002,-65.1023,15.890000000000043,36.0,19.0,4.24,AR,1623088610.0
328,alenquer,-1.9417,-54.7383,33.55000000000001,44.0,79.0,3.13,BR,1623088853.0
329,fuerte,17.5381,120.3644,24.890000000000043,92.0,100.0,2.3,PH,1623088854.0
330,tefe,-3.3542,-64.7114,34.09000000000003,44.0,29.0,1.69,BR,1623088855.0
331,tevaitoa,-16.7833,-151.5,26.680000000000007,76.0,30.0,5.9,PF,1623088855.0
332,mirpur sakro,24.5474,67.6277,31.120000000000005,66.0,0.0,7.39,PK,1623088856.0
333,saint-georges,12.0564,-61.7485,27.5,78.0,95.0,7.32,GD,1623088828.0
334,varberg,57.1056,12.2508,18.260000000000048,75.0,86.0,2.53,SE,1623088857.0
335,andros,37.8333,24.9333,26.670000000000016,67.0,26.0,3.21,GR,1623088858.0
336,along,28.1667,94.7667,22.420000000000016,99.0,100.0,0.59,IN,1623088859.0
337,beberibe,-4.1797,-38.1306,30.02000000000004,67.0,23.0,4.19,BR,1623088859.0
338,sulmona,42.0479,13.9291,21.379999999999995,83.0,73.0,1.55,IT,1623088860.0
339,krasnoselkup,65.7,82.4667,1.4700000000000273,68.0,50.0,1.37,RU,1623088860.0
340,huangzhai,38.0751,112.6595,19.230000000000018,50.0,26.0,1.27,CN,1623088862.0
341,vatava,46.9667,24.7667,18.680000000000007,87.0,49.0,1.66,RO,1623088862.0
342,kushima,31.4583,131.2333,19.410000000000025,90.0,47.0,0.75,JP,1623088863.0
343,rio gallegos,-51.6226,-69.2181,4.5,78.0,89.0,2.73,AR,1623088864.0
344,buturlinovka,50.8239,40.6092,14.79000000000002,88.0,31.0,2.58,RU,1623088864.0
346,smithers,54.7804,-127.1743,15.200000000000045,46.0,65.0,0.72,CA,1623088865.0
347,sao joao da barra,-21.6403,-41.0511,24.57000000000005,74.0,17.0,4.53,BR,1623088866.0
348,sibolga,1.7427,98.7792,24.760000000000048,83.0,100.0,1.26,ID,1623088866.0
349,faro,37.0194,-7.9322,27.879999999999995,36.0,0.0,6.17,PT,1623088578.0
351,storvorde,57.0039,10.1013,16.960000000000036,67.0,26.0,4.27,DK,1623088867.0
352,isilkul,54.9109,71.2728,17.120000000000005,45.0,4.0,2.02,RU,1623088867.0
353,pangody,65.85,74.4859,3.890000000000043,65.0,75.0,0.48,RU,1623088867.0
354,powell river,49.8496,-124.5361,13.379999999999995,80.0,100.0,2.32,CA,1623088868.0
355,portland,45.5234,-122.6762,16.33000000000004,61.0,99.0,0.89,US,1623088748.0
356,tsaratanana,-16.7833,47.65,19.360000000000014,71.0,11.0,6.33,MG,1623088868.0
358,bazaliya,49.7127,26.4733,15.160000000000025,85.0,31.0,3.72,UA,1623088869.0
359,mount gambier,-37.8333,140.7667,7.930000000000007,90.0,100.0,2.84,AU,1623088869.0
360,guerrero negro,27.9769,-114.0611,20.49000000000001,58.0,94.0,5.72,MX,1623088869.0
361,evensk,61.95,159.2333,6.939999999999998,80.0,100.0,0.64,RU,1623088870.0
363,rio grande,-32.035,-52.0986,17.75,66.0,43.0,7.4,BR,1623088870.0
364,llanes,43.4198,-4.7549,20.710000000000036,84.0,73.0,2.94,ES,1623088871.0
365,mayo,38.8876,-76.5119,34.99000000000001,66.0,99.0,1.34,US,1623088695.0
366,nyurba,63.2842,118.3319,6.680000000000007,87.0,94.0,1.17,RU,1623088871.0
367,kaeo,-35.1,173.7833,14.620000000000005,96.0,100.0,10.96,NZ,1623088871.0
369,ola,59.5833,151.2833,5.3799999999999955,93.0,100.0,1.67,RU,1623088872.0
370,kitgum,3.2783,32.8867,23.390000000000043,49.0,22.0,0.93,UG,1623088872.0
371,marsaxlokk,35.8419,14.5431,22.82000000000005,78.0,20.0,6.69,MT,1623088654.0
372,kirakira,-10.4544,161.9205,25.77000000000004,83.0,91.0,3.24,SB,1623088873.0
373,egvekinot,66.3167,-179.1667,2.2100000000000364,68.0,7.0,0.87,RU,1623088873.0
374,airai,-8.9266,125.4092,13.29000000000002,88.0,72.0,0.94,TL,1623088693.0
375,takaungu,-3.6837,39.8566,27.27000000000004,79.0,76.0,7.44,KE,1623088873.0
376,bulgan,48.8125,103.5347,4.78000000000003,85.0,96.0,1.63,MN,1623088874.0
378,provideniya,64.3833,-173.3,1.4500000000000455,84.0,79.0,2.05,RU,1623088874.0
379,xining,36.6167,101.7667,11.410000000000025,77.0,51.0,0.86,CN,1623088875.0
380,anloga,5.7947,0.8973,29.120000000000005,73.0,36.0,3.85,GH,1623088613.0
381,rondonopolis,-16.4708,-54.6356,35.629999999999995,24.0,12.0,1.88,BR,1623088875.0
382,kurilsk,45.2333,147.8833,8.160000000000025,95.0,94.0,4.27,RU,1623088876.0
383,kaitangata,-46.2817,169.8464,4.960000000000036,88.0,3.0,1.53,NZ,1623088876.0
384,belyy gorodok,56.965,37.5125,17.05000000000001,79.0,33.0,0.64,RU,1623088876.0
385,derzhavinsk,51.1,66.3167,19.260000000000048,33.0,78.0,4.27,KZ,1623088877.0
386,borogontsy,62.6683,131.1683,6.840000000000032,79.0,58.0,2.19,RU,1623088877.0
387,port victoria,0.0939,33.9756,22.83000000000004,74.0,2.0,4.01,KE,1623088877.0
388,zaozerne,45.1582,33.2787,16.640000000000043,80.0,2.0,3.94,UA,1623088878.0
389,koumac,-20.5667,164.2833,19.930000000000007,72.0,97.0,4.71,NC,1623088878.0
390,mount pleasant,32.7941,-79.8626,30.610000000000014,81.0,75.0,0.45,US,1623088804.0
391,shubarshi,48.5872,57.1869,20.310000000000002,40.0,68.0,1.69,KZ,1623088879.0
392,helong,42.5397,128.9972,11.28000000000003,83.0,0.0,2.13,CN,1623088879.0
393,edinet,48.1681,27.305,16.840000000000032,84.0,60.0,3.71,MD,1623088879.0
395,puerto escondido,15.85,-97.0667,31.04000000000002,59.0,90.0,2.39,MX,1623088880.0
396,dinguiraye,11.3,-10.7167,29.5,45.0,56.0,0.16,GN,1623088880.0
397,nanortalik,60.1432,-45.2371,5.740000000000009,80.0,100.0,2.8,GL,1623088880.0
398,nouadhibou,20.931,-17.0347,23.99000000000001,64.0,52.0,8.75,MR,1623088675.0
399,paso de carrasco,-34.8603,-56.0522,17.360000000000014,76.0,91.0,3.26,UY,1623088881.0
400,the valley,18.217,-63.0578,28.79000000000002,77.0,100.0,8.61,AI,1623088813.0
401,morehead,37.2711,-87.1764,27.129999999999995,69.0,90.0,2.57,US,1623088881.0
402,tsiroanomandidy,-18.7667,46.0333,17.680000000000007,57.0,55.0,3.34,MG,1623088882.0
403,parkes,-33.1333,148.1833,9.640000000000043,64.0,100.0,0.89,AU,1623088882.0
404,suileng,47.25,127.0833,16.220000000000027,67.0,0.0,1.01,CN,1623088882.0
405,ahipara,-35.1667,173.1667,14.950000000000045,86.0,100.0,9.09,NZ,1623088883.0
406,broken hill,-31.95,141.4333,10.450000000000045,76.0,14.0,5.29,AU,1623088883.0
407,visnes,59.3556,5.2242,16.170000000000016,77.0,40.0,4.63,NO,1623088884.0
408,mormugao,15.4,73.8,28.0,75.0,13.0,4.32,IN,1623088884.0
409,yinchuan,38.4681,106.2731,24.980000000000018,28.0,100.0,1.63,CN,1623088884.0
410,ankazobe,-18.3167,47.1167,13.230000000000018,84.0,59.0,4.37,MG,1623088884.0
411,bonoua,5.2741,-3.595,28.79000000000002,75.0,62.0,2.56,CI,1623088885.0
412,guadalajara,20.6667,-103.3333,31.55000000000001,28.0,57.0,1.03,MX,1623088759.0
413,samarai,-10.6167,150.6667,24.980000000000018,90.0,100.0,8.22,PG,1623088885.0
414,le havre,49.4938,0.1077,20.350000000000023,86.0,90.0,3.09,FR,1623088756.0
415,axim,4.8699,-2.2405,27.200000000000045,75.0,53.0,2.54,GH,1623088886.0
416,terney,45.0503,136.6092,13.910000000000025,80.0,45.0,4.34,RU,1623088886.0
417,monterey,36.2505,-121.2516,18.24000000000001,19.0,53.0,6.2,US,1623088886.0
418,jibuti,11.5,42.5,33.660000000000025,28.0,1.0,3.44,DJ,1623088797.0
419,aykhal,66.0,111.5,2.25,66.0,41.0,2.1,RU,1623088887.0
420,asfi,32.2994,-9.2372,21.620000000000005,77.0,100.0,5.39,MA,1623088887.0
421,eldorado,-23.7869,-54.2836,24.060000000000002,61.0,46.0,3.39,BR,1623088888.0
423,mareeba,-17.0,145.4333,18.400000000000034,96.0,42.0,0.88,AU,1623088888.0
425,deputatskiy,69.3,139.9,4.420000000000016,92.0,100.0,4.53,RU,1623088889.0
426,olinda,-8.0089,-34.8553,25.850000000000023,73.0,75.0,4.98,BR,1623088889.0
427,namibe,-15.1961,12.1522,24.04000000000002,56.0,8.0,4.05,AO,1623088889.0
428,liaoyang,41.2719,123.1731,17.180000000000007,81.0,91.0,2.06,CN,1623088890.0
430,markivka,49.5229,39.5705,15.03000000000003,90.0,100.0,2.49,UA,1623088890.0
431,saint pete beach,27.7253,-82.7412,33.960000000000036,58.0,100.0,3.13,US,1623088808.0
433,jalu,29.0331,21.5482,31.189999999999998,18.0,93.0,4.24,LY,1623088891.0
434,breznik,42.7414,22.8981,17.33000000000004,89.0,79.0,1.24,BG,1623088891.0
435,lukovetskiy,64.2956,41.9211,11.990000000000009,46.0,17.0,1.35,RU,1623088892.0
436,isfana,39.8386,69.5306,22.310000000000002,40.0,76.0,4.17,KG,1623088892.0
437,paamiut,61.994,-49.6678,3.830000000000041,92.0,100.0,6.16,GL,1623088892.0
438,da nang,16.0678,108.2208,29.03000000000003,79.0,40.0,1.03,VN,1623088734.0
439,poum,-20.2333,164.0167,21.879999999999995,67.0,99.0,7.2,NC,1623088693.0
440,ornskoldsvik,63.2909,18.7153,20.900000000000034,64.0,0.0,1.2,SE,1623088893.0
441,kloulklubed,7.0419,134.2556,27.879999999999995,76.0,100.0,2.75,PW,1623088893.0
442,port augusta,-32.5,137.7667,8.730000000000018,72.0,53.0,7.14,AU,1623088894.0
443,bandrele,-12.9067,45.1914,25.860000000000014,73.0,75.0,3.93,YT,1623088894.0
444,nandura,20.8333,76.45,28.260000000000048,67.0,95.0,1.3,IN,1623088894.0
445,canapi,-9.1174,-37.6012,27.939999999999998,50.0,77.0,4.74,BR,1623088895.0
446,key west,24.5557,-81.7826,31.0,68.0,75.0,8.75,US,1623088189.0
447,longyearbyen,78.2186,15.6401,1.910000000000025,93.0,75.0,2.06,SJ,1623088895.0
448,belawan,3.7755,98.6832,26.160000000000025,87.0,100.0,2.07,ID,1623088895.0
449,villeta,5.0089,-74.4723,28.340000000000032,61.0,69.0,1.07,CO,1623088896.0
450,calatayud,41.3535,-1.6432,27.58000000000004,37.0,11.0,5.55,ES,1623088896.0
452,westport,41.1415,-73.3579,35.78000000000003,64.0,24.0,0.89,US,1623088696.0
453,carutapera,-1.195,-46.02,28.480000000000018,76.0,36.0,2.49,BR,1623088897.0
454,ergani,38.2653,39.7621,25.400000000000034,30.0,6.0,2.91,TR,1623088897.0
455,oranjemund,-28.55,16.4333,16.220000000000027,75.0,79.0,4.95,NA,1623088897.0
456,ca mau,9.1769,105.15,26.180000000000007,87.0,100.0,1.7,VN,1623088898.0
457,ust-kulom,61.6864,53.6902,7.160000000000025,50.0,4.0,2.21,RU,1623088898.0
458,bahia blanca,-38.7196,-62.2724,15.870000000000005,41.0,94.0,5.71,AR,1623088666.0
460,rundu,-17.9333,19.7667,15.960000000000036,38.0,1.0,2.16,NA,1623088899.0
461,caravelas,-17.7125,-39.2481,25.879999999999995,65.0,93.0,3.3,BR,1623088899.0
462,bani walid,31.7566,13.9942,26.460000000000036,46.0,18.0,11.4,LY,1623088899.0
463,salalah,17.0151,54.0924,27.900000000000034,89.0,87.0,4.66,OM,1623088900.0
464,ewo,-0.8725,14.8206,26.600000000000023,63.0,72.0,1.74,CG,1623088900.0
465,kishi,9.0833,3.85,28.620000000000005,58.0,24.0,2.4,NG,1623088900.0
466,carnarvon,-24.8667,113.6333,23.189999999999998,50.0,100.0,4.38,AU,1623088901.0
467,san ramon,37.7799,-121.978,23.140000000000043,52.0,21.0,4.92,US,1623088851.0
468,cabo san lucas,22.8909,-109.9124,39.170000000000016,53.0,2.0,2.71,MX,1623088901.0
469,vytegra,61.0064,36.4481,15.150000000000034,53.0,32.0,3.42,RU,1623088901.0
470,strezhevoy,60.7333,77.5889,6.990000000000009,90.0,100.0,4.48,RU,1623088902.0
471,cozumel,20.5083,-86.9458,31.730000000000018,70.0,75.0,3.58,MX,1623088902.0
472,hobyo,5.3505,48.5268,26.100000000000023,87.0,50.0,11.52,SO,1623088902.0
473,harnosand,62.6323,17.9379,21.010000000000048,82.0,80.0,1.63,SE,1623088903.0
475,ribas do rio pardo,-20.4431,-53.7592,32.129999999999995,28.0,57.0,3.5,BR,1623088903.0
476,general roca,-39.0333,-67.5833,16.150000000000034,24.0,1.0,4.97,AR,1623088904.0
477,asau,46.4333,26.4,20.510000000000048,77.0,58.0,0.87,RO,1623088904.0
478,prabumulih,-3.45,104.25,23.140000000000043,96.0,35.0,0.87,ID,1623088904.0
479,onega,63.9061,38.1404,10.120000000000005,45.0,57.0,3.41,RU,1623088905.0
480,saldanha,-33.0117,17.9442,17.0,65.0,96.0,3.74,ZA,1623088905.0
481,segovia,41.1667,-4.0,28.660000000000025,36.0,20.0,3.62,ES,1623088905.0
483,cherskiy,68.75,161.3,8.860000000000014,60.0,100.0,2.18,RU,1623088906.0
484,arraial do cabo,-22.9661,-42.0278,23.610000000000014,81.0,55.0,4.13,BR,1623088906.0
485,mayumba,-3.432,10.6554,25.189999999999998,90.0,85.0,3.44,GA,1623088906.0
486,chitral,35.8462,71.7858,26.03000000000003,37.0,0.0,2.04,PK,1623088907.0
487,nantucket,41.2835,-70.0995,26.189999999999998,83.0,90.0,5.14,US,1623088609.0
488,pitimbu,-7.4706,-34.8086,27.27000000000004,74.0,64.0,5.89,BR,1623088907.0
489,whitehorse,60.7161,-135.0538,12.830000000000041,66.0,75.0,1.34,CA,1623088645.0
490,nyimba,-14.5566,30.8149,16.680000000000007,61.0,77.0,3.78,ZM,1623088908.0
492,mandalgovi,45.7625,106.2708,5.520000000000039,69.0,50.0,9.39,MN,1623088908.0
493,naliya,23.2667,68.8333,30.33000000000004,67.0,0.0,5.61,IN,1623088909.0
494,monte alegre de minas,-18.8706,-48.8808,29.850000000000023,26.0,9.0,2.97,BR,1623088909.0
495,iguape,-24.7081,-47.5553,20.060000000000002,93.0,99.0,4.61,BR,1623088909.0
496,muros,42.7762,-9.0603,22.28000000000003,61.0,100.0,4.86,ES,1623088909.0
497,high rock,26.6208,-78.2833,27.260000000000048,73.0,95.0,6.85,BS,1623088910.0
498,saskylakh,71.9167,114.0833,2.5600000000000023,75.0,91.0,3.38,RU,1623088910.0
499,tongzi,28.7829,105.0877,22.29000000000002,78.0,100.0,1.11,CN,1623088910.0
500,izhma,65.0083,53.9113,7.189999999999998,50.0,5.0,2.03,RU,1623088911.0
501,clearwater,27.9659,-82.8001,33.450000000000045,58.0,1.0,2.24,US,1623088791.0
502,kirzhach,56.15,38.8667,15.520000000000039,90.0,71.0,1.84,RU,1623088911.0
503,ternate,0.8,127.4,27.160000000000025,80.0,53.0,2.25,ID,1623088912.0
505,chateauroux,46.8167,1.7,23.0,49.0,0.0,1.54,FR,1623088814.0
506,atuona,-9.8,-139.0333,26.200000000000045,72.0,31.0,4.76,PF,1623088912.0
507,redmond,47.674,-122.1215,13.950000000000045,81.0,96.0,0.45,US,1623088792.0
508,homer,59.6425,-151.5483,10.430000000000007,65.0,5.0,8.05,US,1623088913.0
509,sora,41.7157,13.6141,22.210000000000036,87.0,85.0,0.54,IT,1623088913.0
510,manado,1.487,124.8455,23.430000000000007,100.0,20.0,1.67,ID,1623088891.0
511,darhan,49.4867,105.9228,8.260000000000048,83.0,100.0,2.09,MN,1623088913.0
512,khuzhir,53.1939,107.3397,6.3700000000000045,76.0,100.0,1.24,RU,1623088914.0
513,ulcinj,41.9294,19.2244,21.950000000000045,78.0,88.0,1.9,ME,1623088914.0
514,mantua,45.1667,10.7833,22.340000000000032,83.0,47.0,0.89,IT,1623088914.0
515,lichuan,30.3,108.85,18.189999999999998,84.0,99.0,0.58,CN,1623088915.0
516,krasnyy oktyabr,56.1167,38.8833,15.520000000000039,91.0,72.0,1.86,RU,1623088915.0
517,taphan hin,16.2209,100.4198,24.860000000000014,91.0,100.0,2.03,TH,1623088915.0
519,nemuro,43.3236,145.575,10.400000000000034,87.0,2.0,1.64,JP,1623088916.0
520,atar,20.5169,-13.0499,43.629999999999995,7.0,1.0,5.75,MR,1623088916.0
521,belaya gora,68.5333,146.4167,8.910000000000025,80.0,100.0,2.15,RU,1623088916.0
522,tamiahua,21.2667,-97.45,31.810000000000002,65.0,71.0,5.23,MX,1623088917.0
523,vesyegonsk,58.664,37.2604,15.010000000000048,89.0,74.0,2.07,RU,1623088917.0
524,kochi,9.9399,76.2602,26.99000000000001,81.0,86.0,2.9,IN,1623088679.0
525,rameswaram,9.2833,79.3,28.99000000000001,80.0,21.0,12.1,IN,1623088918.0
526,witu,-2.3889,40.4382,24.090000000000032,80.0,82.0,6.16,KE,1623088918.0
528,ushuaia,-54.8,-68.3,3.680000000000007,95.0,65.0,1.52,AR,1623088897.0
529,quatre cocos,-20.2078,57.7625,21.720000000000027,76.0,87.0,8.74,MU,1623088919.0
530,sula,15.4573,120.3955,24.939999999999998,89.0,100.0,0.19,PH,1623088919.0
531,murdochville,48.9583,-65.5006,28.57000000000005,50.0,55.0,7.35,CA,1623088919.0
532,tsogni,-2.7942,10.0988,24.850000000000023,88.0,69.0,2.74,GA,1623088920.0
533,panji,-7.7253,114.0995,23.850000000000023,82.0,47.0,2.22,ID,1623088920.0
534,pundaguitan,6.3711,126.1689,27.810000000000002,77.0,100.0,3.53,PH,1623088920.0
535,vagur,61.4732,-6.8119,9.720000000000027,90.0,100.0,8.74,FO,1623088921.0
536,kankaanpaa,61.8,22.4167,21.420000000000016,64.0,96.0,2.14,FI,1623088921.0
537,najran,17.4924,44.1277,31.390000000000043,9.0,46.0,2.61,SA,1623088921.0
538,victor harbor,-35.5667,138.6167,10.050000000000011,91.0,93.0,4.88,AU,1623088922.0
539,busselton,-33.65,115.3333,8.930000000000007,83.0,57.0,5.1,AU,1623088922.0
540,morgan city,29.6994,-91.2068,32.25,79.0,75.0,5.21,US,1623088922.0
541,alta floresta,-9.8756,-56.0861,34.900000000000034,34.0,0.0,4.12,BR,1623088796.0
542,turukhansk,65.8167,87.9833,0.160000000000025,88.0,96.0,1.95,RU,1623088923.0
543,bucerias,20.75,-105.3333,31.410000000000025,53.0,68.0,3.2,MX,1623088683.0
544,tuatapere,-46.1333,167.6833,6.25,86.0,2.0,1.45,NZ,1623088923.0
545,kodinsk,58.6881,99.1844,3.5200000000000387,84.0,55.0,1.7,RU,1623088924.0
547,sao felix do xingu,-6.6447,-51.995,33.710000000000036,34.0,30.0,2.53,BR,1623088924.0
548,claremore,36.3126,-95.6161,26.400000000000034,77.0,40.0,2.24,US,1623088795.0
549,banda aceh,5.5577,95.3222,26.79000000000002,78.0,100.0,6.2,ID,1623088925.0
550,vostok,46.4856,135.8833,11.140000000000043,95.0,95.0,1.81,RU,1623088925.0
551,independence,39.0911,-94.4155,28.54000000000002,61.0,64.0,1.34,US,1623088873.0
553,cape coast,5.1053,-1.2466,27.170000000000016,75.0,26.0,2.8,GH,1623088926.0
554,tual,-5.6667,132.75,26.920000000000016,83.0,55.0,5.98,ID,1623088926.0
555,banjar,-8.19,114.9675,26.920000000000016,88.0,35.0,1.81,ID,1623088927.0
556,mbandaka,0.0487,18.2603,22.75,91.0,65.0,1.73,CD,1623088927.0
557,victoria,22.2855,114.1577,28.03000000000003,86.0,64.0,0.89,HK,1623088657.0
558,kavaratti,10.5669,72.642,28.600000000000023,75.0,45.0,6.16,IN,1623088664.0
559,laguna,38.421,-121.4238,25.360000000000014,37.0,1.0,2.24,US,1623088920.0
560,palizada,18.25,-92.0833,36.03000000000003,39.0,76.0,4.8,MX,1623088928.0
561,isla vista,34.4133,-119.861,19.82000000000005,68.0,90.0,3.6,US,1623088928.0
562,simao,22.7886,100.9748,18.870000000000005,98.0,100.0,1.2,CN,1623088929.0
563,severo-kurilsk,50.6789,156.125,5.110000000000014,97.0,100.0,4.23,RU,1623088929.0
564,batagay-alyta,67.8006,130.4114,4.439999999999998,59.0,61.0,3.2,RU,1623088929.0
565,phan thiet,10.9333,108.1,24.760000000000048,91.0,100.0,3.8,VN,1623088930.0
566,narsaq,60.9167,-46.05,13.120000000000005,46.0,100.0,6.44,GL,1623088930.0
567,luangwa,-15.6167,30.4167,17.24000000000001,64.0,37.0,1.64,ZM,1623088930.0
568,henties bay,-22.116,14.2845,19.360000000000014,63.0,0.0,3.77,NA,1623088930.0
569,innisfail,-17.5333,146.0333,20.340000000000032,89.0,83.0,0.98,AU,1623088931.0
570,nizhniy baskunchak,48.2198,46.8311,20.939999999999998,57.0,100.0,3.97,RU,1623088931.0
571,gebre guracha,9.8,38.4,17.80000000000001,30.0,29.0,4.06,ET,1623088931.0
572,san vicente,-26.6167,-54.1333,16.470000000000027,98.0,100.0,1.98,AR,1623088932.0
573,roros,62.5747,11.3842,17.910000000000025,45.0,20.0,2.57,NO,1623088932.0
574,marzuq,14.4,46.4667,30.510000000000048,37.0,83.0,2.34,YE,1623088932.0
575,miandrivazo,-19.5167,45.4667,23.07000000000005,50.0,16.0,1.47,MG,1623088933.0
576,kindu,-2.95,25.95,23.80000000000001,78.0,95.0,0.83,CD,1623088933.0
577,teahupoo,-17.8333,-149.2667,21.980000000000018,80.0,67.0,4.67,PF,1623088933.0
578,bambous virieux,-20.3428,57.7575,21.79000000000002,75.0,82.0,8.74,MU,1623088934.0
579,imbituba,-28.24,-48.6703,16.980000000000018,94.0,100.0,0.94,BR,1623088934.0
582,yellowknife,62.456,-114.3525,6.980000000000018,65.0,100.0,6.71,CA,1623088887.0
583,kihei,20.785,-156.4656,26.58000000000004,81.0,10.0,1.73,US,1623088935.0
584,bangassou,4.7413,22.8184,22.210000000000036,85.0,56.0,0.99,CF,1623088935.0
585,bilma,18.6853,12.9164,36.83000000000004,12.0,49.0,1.52,NE,1623088935.0
586,fonte boa,-2.4959,-66.2662,32.670000000000016,48.0,75.0,1.11,BR,1623088936.0
587,okhotsk,59.3833,143.3,4.310000000000002,97.0,78.0,2.87,RU,1623088936.0
588,takoradi,4.8845,-1.7554,27.27000000000004,74.0,46.0,2.67,GH,1623088936.0
589,pathein,16.7833,94.7333,26.629999999999995,82.0,100.0,2.91,MM,1623088937.0
592,cascais,38.6979,-9.4215,22.640000000000043,63.0,20.0,6.71,PT,1623088666.0
593,bad hofgastein,47.1667,13.1,18.02000000000004,80.0,100.0,0.45,AT,1623088938.0
594,havelock,34.8791,-76.9013,28.32000000000005,84.0,75.0,7.2,US,1623088938.0
595,minna,9.6139,6.5569,29.840000000000032,55.0,15.0,2.65,NG,1623088938.0
596,alexandria,31.2156,29.9553,24.980000000000018,50.0,0.0,3.09,EG,1623088384.0
597,harper,4.375,-7.7169,27.090000000000032,76.0,94.0,4.21,LR,1623088939.0
598,inirida,3.8653,-67.9239,28.600000000000023,76.0,87.0,1.28,CO,1623088939.0
599,honiara,-9.4333,159.95,24.610000000000014,86.0,61.0,1.97,SB,1623088939.0
601,akyab,20.15,92.9,27.890000000000043,83.0,92.0,3.48,MM,1623088940.0
602,youkounkoun,12.5333,-13.1333,27.74000000000001,71.0,46.0,4.02,GN,1623088940.0
603,malanje,-9.5402,16.341,20.870000000000005,45.0,38.0,1.3,AO,1623088940.0
604,hambantota,6.1241,81.1185,26.730000000000018,83.0,95.0,7.03,LK,1623088941.0
605,two hills,53.7169,-111.7518,15.400000000000034,58.0,99.0,1.58,CA,1623088941.0
606,tiksi,71.6872,128.8694,1.650000000000034,88.0,78.0,0.93,RU,1623088941.0
608,gombong,-7.6072,109.5142,22.840000000000032,89.0,19.0,0.87,ID,1623088942.0
609,dongsheng,39.8161,109.9776,19.350000000000023,19.0,69.0,1.12,CN,1623088942.0
610,korla,41.7597,86.1469,21.340000000000032,50.0,99.0,7.74,CN,1623088942.0
611,naze,28.3667,129.4833,23.650000000000034,87.0,100.0,1.89,JP,1623088943.0
612,strai,58.2,7.9,20.060000000000002,49.0,0.0,1.34,NO,1623088943.0
613,tautira,-17.7333,-149.15,25.010000000000048,80.0,54.0,5.02,PF,1623088914.0
614,berdigestyakh,62.0989,126.6992,6.53000000000003,49.0,90.0,2.29,RU,1623088944.0
615,contai,21.7786,87.7536,30.49000000000001,83.0,100.0,7.04,IN,1623088944.0
616,vestmannaeyjar,63.4427,-20.2734,10.550000000000011,87.0,20.0,5.14,IS,1623088944.0
617,versalles,48.8,2.1333,23.950000000000045,48.0,0.0,2.57,FR,1623088945.0
618,olga,43.7444,135.2892,13.04000000000002,85.0,8.0,2.91,RU,1623088945.0
619,birjand,32.8663,59.2211,30.30000000000001,14.0,0.0,2.6,IR,1623088945.0
620,yulara,-25.2406,130.9889,11.04000000000002,48.0,44.0,7.04,AU,1623088946.0
621,biloela,-24.4167,150.5,12.0,93.0,1.0,1.64,AU,1623088814.0
622,tomatlan,19.9333,-105.25,34.10000000000002,41.0,28.0,4.34,MX,1623088946.0
623,njombe,-9.3333,34.7667,9.900000000000034,95.0,47.0,2.24,TZ,1623088947.0
624,nishihara,26.1842,127.7558,26.600000000000023,83.0,75.0,2.67,JP,1623088947.0
625,kruisfontein,-34.0033,24.7314,17.710000000000036,36.0,0.0,3.24,ZA,1623088947.0
626,pisco,-13.7,-76.2167,18.340000000000032,84.0,57.0,3.71,PE,1623088948.0
627,kawalu,-7.3817,108.2082,22.04000000000002,96.0,34.0,0.68,ID,1623088948.0
628,orai,25.9833,79.4667,37.610000000000014,24.0,61.0,3.55,IN,1623088948.0
629,manzhouli,49.6,117.4333,18.760000000000048,43.0,79.0,6.04,CN,1623088949.0
630,chokurdakh,70.6333,147.9167,2.490000000000009,85.0,100.0,6.15,RU,1623088949.0
631,klyuchevskiy,53.5317,119.4519,11.75,96.0,14.0,1.67,RU,1623088949.0
632,carberry,49.8689,-99.3602,19.25,63.0,97.0,2.04,CA,1623088950.0
633,mackay,-21.15,149.2,17.05000000000001,81.0,11.0,1.23,AU,1623088950.0
634,port hawkesbury,45.6169,-61.3485,30.510000000000048,68.0,100.0,3.13,CA,1623088951.0
635,thinadhoo,0.5333,72.9333,28.53000000000003,73.0,45.0,6.0,MV,1623088951.0
636,port pirie,-33.1833,138.0167,9.75,76.0,55.0,7.48,AU,1623088951.0
637,strohonivka,44.9431,34.1973,13.340000000000032,86.0,6.0,2.74,UA,1623088952.0
638,cape town,-33.9258,18.4232,23.230000000000018,46.0,0.0,3.65,ZA,1623088499.0
639,nova olimpia,-14.7972,-57.2881,36.150000000000034,26.0,18.0,2.13,BR,1623088952.0
640,aswan,24.0934,32.907,34.900000000000034,12.0,0.0,6.9,EG,1623088952.0
641,qaanaaq,77.484,-69.3632,4.160000000000025,92.0,3.0,1.18,GL,1623088953.0
642,tabuk,17.4189,121.4443,24.02000000000004,92.0,100.0,0.75,PH,1623088953.0
643,virginia beach,36.8529,-75.978,31.77000000000004,65.0,89.0,4.36,US,1623088794.0
644,anaco,9.4389,-64.4728,34.170000000000016,37.0,93.0,4.67,VE,1623088810.0
645,vegachi,6.7614,-74.7947,25.140000000000043,76.0,84.0,1.16,CO,1623088954.0
646,visby,57.6409,18.296,21.140000000000043,45.0,0.0,5.14,SE,1623088954.0
647,maniitsoq,65.4167,-52.9,4.930000000000007,87.0,93.0,2.01,GL,1623088954.0
648,qeshm,26.9581,56.2719,31.930000000000007,81.0,1.0,4.97,IR,1623088955.0
649,albacete,38.8333,-2.0,28.439999999999998,34.0,20.0,6.91,ES,1623088955.0
650,maceio,-9.6658,-35.7353,27.689999999999998,74.0,75.0,3.76,BR,1623088718.0
651,ponta do sol,32.6667,-17.1,23.730000000000018,73.0,42.0,1.42,PT,1623088956.0
652,emerald,-23.5333,148.1667,12.970000000000027,74.0,3.0,2.57,AU,1623088956.0
654,xapuri,-10.6517,-68.5044,33.370000000000005,43.0,35.0,1.1,BR,1623088956.0
655,broome,42.2506,-75.833,31.220000000000027,58.0,77.0,0.89,US,1623088957.0
656,nikolskoye,59.7035,30.7861,18.939999999999998,75.0,9.0,2.05,RU,1623088957.0
657,zalantun,48.0,122.7167,14.79000000000002,59.0,8.0,0.61,CN,1623088957.0
658,samarkand,39.6542,66.9597,28.680000000000007,32.0,1.0,1.03,UZ,1623088806.0
659,pochutla,15.7432,-96.4661,27.33000000000004,69.0,100.0,1.29,MX,1623088958.0
660,srednekolymsk,67.45,153.6833,11.379999999999995,73.0,100.0,5.65,RU,1623088958.0
661,constantine,36.365,6.6147,21.970000000000027,52.0,1.0,4.1,DZ,1623088959.0
662,porbandar,21.6422,69.6093,30.0,71.0,4.0,5.81,IN,1623088959.0
663,tahe,52.3333,124.7333,13.879999999999995,63.0,70.0,1.76,CN,1623088959.0
664,leningradskiy,69.3833,178.4167,3.2700000000000387,79.0,15.0,4.02,RU,1623088960.0
665,longhua,23.6137,114.1919,24.680000000000007,93.0,83.0,0.2,CN,1623088960.0
666,luderitz,-26.6481,15.1594,15.950000000000045,84.0,43.0,4.19,NA,1623088960.0
667,quesnel,52.9999,-122.5029,15.640000000000043,40.0,100.0,2.4,CA,1623088961.0
668,solnechnyy,50.7214,136.6319,11.170000000000016,92.0,63.0,1.42,RU,1623088961.0
669,ust-nera,64.5667,143.2,8.240000000000009,82.0,61.0,5.41,RU,1623088961.0
670,sitka,57.0531,-135.33,12.960000000000036,69.0,52.0,1.42,US,1623088962.0
671,vardo,70.3705,31.1107,12.860000000000014,81.0,0.0,3.6,NO,1623088962.0
672,dangtu,31.5723,118.4928,21.57000000000005,80.0,84.0,3.57,CN,1623088962.0
673,mokhsogollokh,61.4681,128.9203,5.75,53.0,66.0,1.31,RU,1623088963.0
674,olafsvik,64.8945,-23.7142,8.82000000000005,85.0,100.0,1.87,IS,1623088963.0
675,abu zabad,12.35,29.25,27.980000000000018,46.0,93.0,2.35,SD,1623088963.0
676,maputo,-25.9653,32.5892,17.900000000000034,87.0,10.0,1.96,MZ,1623088964.0
677,maxixe,-23.8597,35.3472,18.970000000000027,81.0,37.0,3.25,MZ,1623088964.0
678,moron,-34.6534,-58.6198,16.110000000000014,77.0,100.0,1.79,AR,1623088964.0
679,prince rupert,54.3161,-130.3201,8.050000000000011,93.0,90.0,2.06,CA,1623088965.0
680,ulladulla,-35.35,150.4667,8.82000000000005,64.0,100.0,3.69,AU,1623088965.0
681,zhaotong,27.3167,103.7167,14.230000000000018,82.0,100.0,0.87,CN,1623088965.0
682,svetlyy,54.675,20.1347,19.03000000000003,83.0,0.0,2.97,RU,1623088966.0
683,rognan,67.0953,15.3878,13.75,82.0,100.0,2.06,NO,1623088966.0
684,marsabit,2.3284,37.9899,22.010000000000048,47.0,76.0,8.71,KE,1623088966.0
685,eirunepe,-6.6603,-69.8736,28.460000000000036,80.0,44.0,1.12,BR,1623088967.0
686,christchurch,-43.5333,172.6333,10.560000000000002,97.0,90.0,0.51,NZ,1623088967.0
687,san patricio,28.017,-97.5169,32.25,66.0,35.0,9.74,US,1623088967.0
688,chipinge,-20.1883,32.6236,12.03000000000003,79.0,88.0,0.58,ZW,1623088968.0
689,guaraniacu,-25.1008,-52.8781,17.430000000000007,92.0,94.0,1.71,BR,1623088968.0
690,petropavlovsk-kamchatskiy,53.0452,158.6483,5.680000000000007,94.0,100.0,1.74,RU,1623088834.0
691,santiago de compostela,42.8805,-8.5457,20.730000000000018,64.0,20.0,4.92,ES,1623088968.0
692,ndola,-12.9587,28.6366,16.05000000000001,55.0,81.0,4.26,ZM,1623088969.0
693,outlook,51.5001,-107.0513,19.58000000000004,33.0,29.0,7.28,CA,1623088969.0
694,kailua,21.4022,-157.7394,26.680000000000007,70.0,17.0,6.63,US,1623088957.0
695,nalut,30.3333,10.85,36.710000000000036,12.0,34.0,5.02,LY,1623088970.0
696,nanhai,30.1282,111.7784,27.090000000000032,75.0,100.0,1.98,CN,1623088970.0
697,beloha,-25.1667,45.05,17.82000000000005,64.0,0.0,6.53,MG,1623088970.0
698,knysna,-34.0363,23.0471,25.210000000000036,36.0,0.0,3.17,ZA,1623088970.0
699,manjacaze,-24.7117,33.8828,15.82000000000005,89.0,35.0,1.93,MZ,1623088971.0
700,pemba,-12.974,40.5178,25.390000000000043,78.0,20.0,6.17,MZ,1623088971.0
701,belyy yar,53.6039,91.3903,11.939999999999998,87.0,0.0,1.18,RU,1623088971.0
702,pedernales,18.0384,-71.744,31.090000000000032,54.0,77.0,2.79,DO,1623088972.0
703,kutum,14.2,24.6667,29.75,15.0,23.0,2.66,SD,1623088972.0
704,uthal,25.8072,66.6219,29.129999999999995,73.0,8.0,5.9,PK,1623088906.0
705,vuktyl,63.8567,57.3094,6.3799999999999955,47.0,4.0,2.47,RU,1623088972.0
706,atbasar,51.8,68.3333,18.78000000000003,32.0,100.0,3.21,KZ,1623088973.0
707,prince george,53.9166,-122.753,15.140000000000043,57.0,1.0,1.54,CA,1623088800.0
708,seminole,28.7086,-81.2081,34.03000000000003,64.0,100.0,1.34,US,1623088720.0
709,hokitika,-42.7167,170.9667,10.480000000000018,84.0,35.0,2.04,NZ,1623088973.0
710,geraldton,-28.7667,114.6,15.230000000000018,55.0,100.0,9.61,AU,1623088974.0
711,rikitea,-23.1203,-134.9692,24.710000000000036,83.0,93.0,8.85,PF,1623088974.0
712,svetlogorsk,52.6333,29.7333,15.730000000000018,88.0,53.0,2.58,BY,1623088974.0
713,butaritari,3.0707,172.7902,26.910000000000025,76.0,57.0,1.94,KI,1623088975.0
714,kununurra,-15.7667,128.7333,13.990000000000009,82.0,22.0,1.03,AU,1623088725.0
715,erzin,36.9559,36.2,24.29000000000002,72.0,0.0,1.6,TR,1623088975.0
716,san jose,37.3394,-121.895,23.090000000000032,45.0,20.0,2.24,US,1623088880.0
717,lebu,-37.6167,-73.65,12.870000000000005,62.0,78.0,7.47,CL,1623088976.0
718,tianjin,39.1422,117.1767,19.970000000000027,77.0,99.0,4.39,CN,1623088749.0
719,praia da vitoria,38.7333,-27.0667,20.980000000000018,87.0,87.0,1.99,PT,1623088976.0
720,lastoursville,-0.8143,12.7287,27.100000000000023,71.0,89.0,0.54,GA,1623088976.0
721,puerto baquerizo moreno,-0.9,-89.6,23.27000000000004,77.0,82.0,5.74,EC,1623088977.0
722,baikunthpur,23.25,82.55,26.54000000000002,69.0,45.0,2.01,IN,1623088977.0
723,coihaique,-45.5752,-72.0662,5.600000000000023,97.0,100.0,1.29,CL,1623088978.0
724,suntar,62.1444,117.6319,8.330000000000041,61.0,78.0,0.89,RU,1623088978.0
725,jawa,31.8525,35.9393,22.170000000000016,43.0,0.0,2.98,JO,1623088978.0
726,nisia floresta,-6.0911,-35.2086,29.08000000000004,62.0,87.0,5.84,BR,1623088979.0
727,oktyabrskoye,43.0645,44.7417,13.080000000000041,93.0,71.0,1.16,RU,1623088979.0
728,taganak,6.0833,118.3,28.110000000000014,76.0,100.0,2.57,PH,1623088979.0
729,acarau,-2.8856,-40.12,29.350000000000023,67.0,32.0,4.59,BR,1623088848.0
730,mnogovershinnyy,53.9353,139.9242,2.740000000000009,95.0,99.0,1.09,RU,1623088980.0
731,zyryanka,65.75,150.85,11.439999999999998,82.0,93.0,6.35,RU,1623088980.0
732,chicama,-7.8447,-79.1469,23.160000000000025,64.0,77.0,3.68,PE,1623088980.0
733,gushikawa,26.3544,127.8686,26.57000000000005,88.0,100.0,2.72,JP,1623088981.0
734,labuan,5.2767,115.2417,28.090000000000032,74.0,84.0,1.47,MY,1623088981.0
735,marondera,-18.1853,31.5519,6.900000000000034,96.0,63.0,3.36,ZW,1623088982.0
737,taitung,22.7583,121.1444,25.58000000000004,85.0,100.0,1.06,TW,1623088912.0
738,the pas,53.8251,-101.2541,15.03000000000003,72.0,100.0,2.49,CA,1623088982.0
739,saint-joseph,-21.3667,55.6167,22.0,78.0,75.0,6.69,RE,1623088808.0
740,listvyagi,53.6772,86.951,12.57000000000005,86.0,6.0,0.86,RU,1623088983.0
741,souillac,-20.5167,57.5167,21.870000000000005,78.0,90.0,8.64,MU,1623088983.0
742,gonbad-e qabus,37.25,55.1672,25.53000000000003,57.0,72.0,3.69,IR,1623088771.0
743,hamilton,39.1834,-84.5333,28.140000000000043,75.0,100.0,0.89,US,1623088851.0
744,bonthe,7.5264,-12.505,28.150000000000034,73.0,59.0,3.74,SL,1623088984.0
745,dronninglund,57.1604,10.2929,16.860000000000014,79.0,28.0,4.58,DK,1623088984.0
746,eskisehir,39.7767,30.5206,16.0,71.0,71.0,1.96,TR,1623088984.0
747,oranjestad,12.524,-70.027,26.80000000000001,85.0,100.0,9.44,AW,1623088985.0
748,mendi,-6.1761,143.6513,13.07000000000005,97.0,100.0,1.01,PG,1623088985.0
749,camargo,27.6667,-105.1667,33.30000000000001,13.0,20.0,3.74,MX,1623088986.0
750,antsohihy,-14.8796,47.9875,23.33000000000004,58.0,32.0,5.65,MG,1623088986.0
751,rantepao,-2.9701,119.8978,18.410000000000025,98.0,18.0,0.93,ID,1623088986.0
752,sao jose da coroa grande,-8.8978,-35.1478,26.689999999999998,75.0,75.0,4.35,BR,1623088987.0
753,avarua,-21.2078,-159.775,18.03000000000003,94.0,52.0,1.03,CK,1623088987.0
754,dongkan,33.9997,119.8308,21.850000000000023,57.0,46.0,3.86,CN,1623088987.0
755,port alfred,-33.5906,26.891,18.629999999999995,66.0,0.0,5.34,ZA,1623088988.0
756,hatten,53.0167,8.35,18.920000000000016,67.0,76.0,0.89,DE,1623088988.0
757,gusau,12.1628,6.6614,35.02000000000004,24.0,59.0,4.23,NG,1623088989.0
758,coronini,44.68,21.6855,25.49000000000001,77.0,16.0,1.77,RS,1623088989.0
759,hasaki,35.7333,140.8333,17.379999999999995,80.0,93.0,0.92,JP,1623088989.0
760,japura,-0.3167,102.35,23.07000000000005,96.0,54.0,0.77,ID,1623088990.0
761,katherine,-14.4667,132.2667,18.180000000000007,82.0,27.0,2.63,AU,1623088692.0
762,sabzevar,36.2126,57.6819,28.24000000000001,34.0,0.0,7.24,IR,1623088990.0
763,shihezi,44.3,86.0333,21.100000000000023,23.0,66.0,2.15,CN,1623088990.0
764,musoma,-1.5,33.8,22.129999999999995,68.0,11.0,1.09,TZ,1623088991.0
765,khatanga,71.9667,102.5,-0.009999999999990905,92.0,91.0,2.92,RU,1623088991.0
766,faya,18.3851,42.4509,24.189999999999998,35.0,79.0,1.74,SA,1623088991.0
767,antofagasta,-23.65,-70.4,20.680000000000007,57.0,72.0,3.16,CL,1623088875.0
768,jefferson city,38.5767,-92.1735,30.07000000000005,64.0,54.0,3.9,US,1623088748.0
769,shenjiamen,29.9576,122.298,21.370000000000005,97.0,93.0,2.61,CN,1623088992.0
770,hede,33.7681,120.2517,20.890000000000043,64.0,32.0,3.6,CN,1623088992.0
771,luanda,-8.8368,13.2343,26.0,73.0,0.0,4.12,AO,1623088986.0
772,itatskiy,56.07,89.0369,9.220000000000027,97.0,88.0,1.48,RU,1623088993.0
773,tasiilaq,65.6145,-37.6368,3.8500000000000227,88.0,80.0,1.1,GL,1623088693.0
774,barrow,71.2906,-156.7887,-0.9899999999999523,86.0,90.0,8.75,US,1623088993.0
776,latacunga,-0.9333,-78.6167,11.700000000000045,87.0,96.0,1.83,EC,1623088993.0
777,mundo nuevo,18.7,-95.5,31.230000000000018,65.0,23.0,3.25,MX,1623088994.0
778,iqaluit,63.7506,-68.5145,3.8500000000000227,64.0,75.0,4.02,CA,1623088696.0
779,amarpur,25.0333,86.9,35.110000000000014,37.0,60.0,4.1,IN,1623088994.0
780,xichang,27.8964,102.2634,17.129999999999995,93.0,100.0,1.5,CN,1623088995.0
781,stornoway,58.2093,-6.3865,16.980000000000018,55.0,20.0,8.23,GB,1623088995.0
782,augusto correa,-1.0217,-46.635,28.53000000000003,79.0,45.0,1.95,BR,1623088995.0
783,northam,51.0333,-4.2167,18.710000000000036,78.0,75.0,3.1,GB,1623088996.0
784,volchansk,59.9378,60.081,8.840000000000032,52.0,60.0,2.21,RU,1623088996.0
785,ilam,26.9167,87.9167,20.670000000000016,85.0,16.0,2.22,NP,1623088996.0
786,kargasok,59.0556,80.8572,11.580000000000041,48.0,71.0,6.75,RU,1623088997.0
787,vila,42.0304,-8.1588,24.30000000000001,59.0,37.0,2.08,PT,1623088997.0
788,tolaga bay,-38.3667,178.3,13.710000000000036,80.0,100.0,7.78,NZ,1623088997.0
789,abu samrah,35.3029,37.1841,24.420000000000016,30.0,0.0,4.54,SY,1623088998.0
790,luwuk,-0.9516,122.7875,24.600000000000023,84.0,9.0,1.84,ID,1623088998.0
791,farakka,24.8167,87.9,33.879999999999995,43.0,79.0,2.68,IN,1623088998.0
792,slochteren,53.2208,6.8055,19.439999999999998,71.0,0.0,3.21,NL,1623088999.0
793,rafai,4.95,23.9167,22.090000000000032,88.0,88.0,0.71,CF,1623088999.0
794,koulikoro,14.0,-7.75,37.99000000000001,20.0,43.0,6.07,ML,1623088999.0
795,poya,-21.35,165.15,18.75,72.0,100.0,2.92,NC,1623089000.0
796,padang,-0.9492,100.3543,24.83000000000004,84.0,60.0,1.66,ID,1623089000.0
797,buje,45.41,13.6619,22.79000000000002,69.0,75.0,0.51,HR,1623089000.0
798,maningrida,-12.0667,134.2667,20.430000000000007,92.0,39.0,3.63,AU,1623089000.0
799,clyde river,70.4692,-68.5914,1.1800000000000068,99.0,57.0,2.57,CA,1623089001.0
800,kajaani,64.2273,27.7285,17.03000000000003,36.0,0.0,2.57,FI,1623089001.0
801,biltine,14.5333,20.9167,36.200000000000045,11.0,47.0,4.27,TD,1623089001.0
802,nayoro,44.3506,142.4578,9.78000000000003,96.0,24.0,2.42,JP,1623089002.0
803,dikson,73.5069,80.5464,-0.8499999999999659,90.0,100.0,4.23,RU,1623089002.0
804,tezu,27.9167,96.1667,23.32000000000005,96.0,99.0,1.47,IN,1623089002.0
806,devils lake,48.1128,-98.8651,26.060000000000002,30.0,75.0,4.02,US,1623089003.0
807,bang khla,13.7214,101.2081,30.0,70.0,100.0,0.8,TH,1623089003.0
808,mandal,25.45,74.5667,32.860000000000014,44.0,83.0,7.32,IN,1623089004.0
809,mecca,21.4267,39.8261,34.610000000000014,33.0,29.0,1.93,SA,1623089004.0
810,georgetown,5.4112,100.3354,27.720000000000027,80.0,20.0,1.08,MY,1623089004.0
812,cairns,-16.9167,145.7667,20.970000000000027,93.0,75.0,3.09,AU,1623088889.0
813,mataram,-8.5833,116.1167,25.450000000000045,89.0,24.0,3.0,ID,1623089005.0
814,sobolevo,54.4299,31.8996,14.75,89.0,53.0,3.06,RU,1623089005.0
815,maryborough,-25.5333,152.7,14.700000000000045,80.0,67.0,1.5,AU,1623089005.0
816,cholet,47.1667,-1.0,23.74000000000001,63.0,99.0,2.93,FR,1623089006.0
817,ambilobe,-13.2,49.05,22.360000000000014,74.0,34.0,1.87,MG,1623089006.0
818,hovd,48.0056,91.6419,12.390000000000043,29.0,0.0,0.67,MN,1623089006.0
819,burriana,39.889,-0.085,25.970000000000027,80.0,27.0,1.34,ES,1623089007.0
820,montepuez,-13.1256,38.9997,17.760000000000048,62.0,28.0,2.26,MZ,1623089007.0
821,scarborough,54.2797,-0.4044,19.390000000000043,85.0,100.0,4.02,GB,1623088800.0
822,banepa,27.6298,85.5214,23.180000000000007,73.0,20.0,1.81,NP,1623089008.0
823,hay river,60.8156,-115.7999,4.300000000000011,79.0,100.0,3.5,CA,1623089008.0
824,shebekino,50.4097,36.9136,17.260000000000048,85.0,81.0,1.34,RU,1623089008.0
825,nevelsk,46.6733,141.8633,8.210000000000036,94.0,66.0,3.5,RU,1623089009.0
826,tuktoyaktuk,69.4541,-133.0374,2.670000000000016,69.0,27.0,4.52,CA,1623089009.0
827,gat,31.61,34.7642,23.78000000000003,39.0,0.0,2.83,IL,1623088981.0
828,apatity,67.5641,33.4031,13.610000000000014,43.0,4.0,1.06,RU,1623089009.0
829,ancud,-41.8697,-73.8203,10.79000000000002,74.0,100.0,7.3,CL,1623089010.0
830,ayolas,-27.4,-56.9,22.27000000000004,70.0,83.0,2.37,PY,1623089010.0
831,salta,-24.7859,-65.4117,16.99000000000001,59.0,29.0,3.13,AR,1623089010.0
832,quibdo,5.6947,-76.6611,24.03000000000003,95.0,100.0,0.93,CO,1623089011.0
833,lumeje,-11.55,20.7833,19.25,46.0,61.0,2.47,AO,1623089011.0
834,la ronge,55.1001,-105.2842,14.120000000000005,82.0,90.0,5.14,CA,1623089011.0
837,berlevag,70.8578,29.0864,12.890000000000043,81.0,0.0,6.17,NO,1623089012.0
838,parrita,9.5201,-84.3225,32.51000000000005,78.0,100.0,3.04,CR,1623089012.0
839,enumclaw,47.2043,-121.9915,12.920000000000016,79.0,96.0,1.34,US,1623089013.0
840,stepnyak,52.8339,70.7803,17.810000000000002,33.0,68.0,1.44,KZ,1623089013.0
841,kalakamati,-20.5929,27.3121,11.300000000000011,71.0,41.0,6.45,BW,1623089013.0
842,itarema,-2.9248,-39.9167,29.260000000000048,66.0,36.0,4.61,BR,1623089014.0
843,qesarya,32.5189,34.9046,24.57000000000005,62.0,0.0,3.41,IL,1623089014.0
844,hermanus,-34.4187,19.2345,21.610000000000014,52.0,100.0,3.72,ZA,1623089015.0
845,bera,24.0833,89.6167,28.650000000000034,81.0,99.0,7.58,BD,1623089015.0
846,hastings,50.8552,0.5729,21.210000000000036,82.0,9.0,2.86,GB,1623088915.0
847,norman wells,65.282,-126.8329,10.650000000000034,49.0,77.0,3.32,CA,1623089016.0
848,veraval,20.9,70.3667,29.939999999999998,70.0,3.0,6.16,IN,1623089016.0
849,parung,-6.4214,106.7331,28.08000000000004,72.0,21.0,2.19,ID,1623089016.0
850,aklavik,68.2191,-135.0107,9.129999999999995,50.0,18.0,2.78,CA,1623089017.0
851,college,64.8569,-147.8028,18.379999999999995,62.0,22.0,0.45,US,1623089017.0
852,pacific grove,36.6177,-121.9166,21.25,73.0,75.0,1.34,US,1623089017.0
853,mayskiy,47.6931,40.1025,16.670000000000016,90.0,76.0,3.69,RU,1623089017.0
854,san cristobal,7.7669,-72.225,23.30000000000001,73.0,90.0,2.89,VE,1623089018.0
855,taltal,-25.4,-70.4833,18.960000000000036,62.0,3.0,2.61,CL,1623089018.0
856,ust-kuyga,70.0167,135.6,9.520000000000039,70.0,100.0,1.01,RU,1623089018.0
857,whitianga,-36.8333,175.7,14.450000000000045,87.0,100.0,10.85,NZ,1623089019.0
858,flin flon,54.7682,-101.865,19.410000000000025,38.0,85.0,3.64,CA,1623089019.0
859,santiago,-33.4569,-70.6483,20.650000000000034,38.0,20.0,1.03,CL,1623088423.0
860,cabedelo,-6.9811,-34.8339,27.03000000000003,78.0,31.0,5.67,BR,1623089019.0
861,chifeng,42.2683,118.9636,18.28000000000003,67.0,100.0,3.11,CN,1623089020.0
862,nome,64.5011,-165.4064,1.7600000000000477,92.0,100.0,1.0,US,1623089020.0
863,ingham,42.6,-84.3833,27.470000000000027,72.0,75.0,4.12,US,1623089021.0
864,coquimbo,-29.9533,-71.3436,17.200000000000045,67.0,0.0,1.93,CL,1623089021.0
865,esperance,-33.8667,121.9,13.28000000000003,61.0,100.0,6.54,AU,1623089021.0
866,hami,42.8,93.45,22.30000000000001,12.0,78.0,6.68,CN,1623089022.0
867,matagami,49.7502,-77.6328,27.370000000000005,58.0,47.0,6.39,CA,1623088962.0
868,paragominas,-2.9667,-47.4833,30.920000000000016,56.0,63.0,1.45,BR,1623088995.0
869,dhidhdhoo,6.8833,73.1,28.210000000000036,76.0,68.0,7.33,MV,1623088838.0
870,tilichiki,60.4667,166.1,2.82000000000005,97.0,100.0,0.65,RU,1623089022.0
871,yarensk,62.1675,49.0916,8.950000000000045,46.0,21.0,1.92,RU,1623089023.0
872,lorengau,-2.0226,147.2712,26.370000000000005,82.0,84.0,2.06,PG,1623089023.0
873,qasigiannguit,68.8193,-51.1922,15.140000000000043,57.0,6.0,0.92,GL,1623089023.0
874,novo aripuana,-5.1206,-60.3797,32.06,54.0,77.0,1.17,BR,1623089024.0
875,voh,-20.9667,164.7,17.58000000000004,81.0,100.0,1.9,NC,1623089024.0
876,samthar,25.85,78.9167,37.150000000000034,25.0,45.0,5.38,IN,1623089024.0
877,lubango,-14.9172,13.4925,14.270000000000039,43.0,47.0,2.64,AO,1623089025.0
878,jumla,29.2747,82.1838,14.260000000000048,90.0,98.0,1.28,NP,1623088984.0
879,palmer,42.1584,-72.3287,34.97000000000003,45.0,0.0,0.45,US,1623089025.0
881,uvinza,-5.1036,30.3911,21.53000000000003,63.0,87.0,0.49,TZ,1623089025.0
882,khash,28.2211,61.2158,31.03000000000003,23.0,3.0,2.64,IR,1623089026.0
883,marsh harbour,26.5412,-77.0636,26.670000000000016,74.0,100.0,7.19,BS,1623088831.0
884,zhigalovo,54.8097,105.1578,9.730000000000018,78.0,98.0,1.53,RU,1623089026.0
885,anchorage,61.2181,-149.9003,16.49000000000001,58.0,53.0,2.68,US,1623088767.0
886,tambura,5.6,27.4667,23.77000000000004,72.0,64.0,1.07,SS,1623089027.0
887,usinsk,65.9939,57.5281,5.32000000000005,52.0,50.0,4.95,RU,1623089027.0
888,sorland,67.667,12.6934,10.04000000000002,84.0,99.0,3.01,NO,1623089027.0
889,lompoc,34.6391,-120.4579,19.450000000000045,68.0,99.0,2.6,US,1623089028.0
890,pangnirtung,66.1451,-65.7125,4.28000000000003,99.0,100.0,2.62,CA,1623089028.0
892,cayenne,4.9333,-52.3333,31.0,66.0,75.0,5.66,GF,1623088807.0
893,krasnyye barrikady,46.2045,47.8535,16.980000000000018,77.0,75.0,4.49,RU,1623089028.0
894,mar del plata,-38.0023,-57.5575,16.160000000000025,70.0,75.0,1.34,AR,1623088770.0
895,tula,54.2044,37.6111,16.439999999999998,91.0,100.0,2.1,RU,1623089023.0
896,jiexiu,37.0244,111.9125,20.950000000000045,54.0,9.0,0.9,CN,1623089029.0
897,udankudi,8.4333,78.0167,28.420000000000016,72.0,73.0,6.25,IN,1623089029.0
898,sarangarh,21.6,83.0833,31.5,51.0,78.0,3.96,IN,1623089030.0
899,eureka,40.8021,-124.1637,17.08000000000004,64.0,83.0,3.58,US,1623088881.0
901,rurrenabaque,-14.4413,-67.5278,28.30000000000001,68.0,78.0,0.73,BO,1623089030.0
902,socorro,31.6546,-106.3033,34.650000000000034,12.0,20.0,7.04,US,1623089031.0
903,tomball,30.0972,-95.6161,32.75,69.0,94.0,0.45,US,1623088909.0
904,abnub,27.2696,31.1511,30.07000000000005,16.0,4.0,4.97,EG,1623089031.0
906,douentza,14.9951,-2.9517,36.33000000000004,26.0,30.0,12.73,ML,1623089032.0
907,koutsouras,35.0339,25.9469,22.920000000000016,67.0,1.0,2.55,GR,1623089032.0
908,kaseda,31.4167,130.3167,21.160000000000025,88.0,67.0,1.84,JP,1623089032.0
909,juegang,32.3174,121.1855,19.670000000000016,93.0,30.0,3.72,CN,1623089033.0
910,dunedin,-45.8742,170.5036,8.220000000000027,87.0,0.0,0.89,NZ,1623088772.0
911,port hedland,-20.3167,118.5667,21.03000000000003,40.0,90.0,3.6,AU,1623089033.0
912,muli,2.9167,73.5667,28.480000000000018,73.0,10.0,7.39,MV,1623089033.0
913,karratha,-20.7377,116.8463,24.700000000000045,57.0,100.0,4.65,AU,1623089034.0
914,baker city,44.7749,-117.8344,15.090000000000032,44.0,75.0,2.06,US,1623089034.0
915,nabire,-3.3667,135.4833,23.810000000000002,92.0,73.0,1.36,ID,1623089034.0
916,zhanaozen,43.3,52.8,23.140000000000043,47.0,6.0,6.23,KZ,1623089035.0
918,sechura,-5.5569,-80.8222,24.810000000000002,63.0,70.0,3.73,PE,1623089035.0
919,salinopolis,-0.6136,-47.3561,28.52000000000004,74.0,74.0,3.64,BR,1623089035.0
920,port elizabeth,-33.918,25.5701,18.939999999999998,44.0,0.0,3.62,ZA,1623089036.0
921,vao,-22.6667,167.4833,21.060000000000002,55.0,84.0,7.88,NC,1623089036.0
922,sungaipenuh,-2.0833,101.3833,17.660000000000025,97.0,49.0,0.64,ID,1623089037.0
923,yar-sale,66.8333,70.8333,4.260000000000048,58.0,89.0,4.11,RU,1623089037.0
924,holland,42.7875,-86.1089,26.350000000000023,76.0,75.0,3.6,US,1623088902.0
925,trairi,-3.2778,-39.2689,29.189999999999998,63.0,36.0,4.76,BR,1623088762.0
926,abeche,13.8292,20.8324,35.670000000000016,19.0,41.0,3.37,TD,1623089038.0
928,ribeira grande,38.5167,-28.7,20.220000000000027,88.0,40.0,4.12,PT,1623089038.0
929,vestmanna,62.1564,-7.1664,10.510000000000048,87.0,90.0,7.16,FO,1623089039.0
930,qrendi,35.8347,14.4583,21.810000000000002,78.0,20.0,6.69,MT,1623089039.0
931,altay,47.8667,88.1167,14.920000000000016,29.0,13.0,3.45,CN,1623089040.0
932,kuraymah,18.55,31.85,38.58000000000004,9.0,3.0,3.68,SD,1623089040.0
933,horsham,51.064,-0.3272,21.730000000000018,57.0,20.0,3.48,GB,1623089040.0
934,codrington,-38.2667,141.9667,9.550000000000011,89.0,100.0,3.46,AU,1623089041.0
936,matara,5.9485,80.5353,25.650000000000034,89.0,100.0,4.5,LK,1623089042.0
937,kota belud,6.351,116.4305,26.920000000000016,90.0,100.0,1.75,MY,1623089042.0
938,tibati,6.4667,12.6333,19.79000000000002,96.0,70.0,0.83,CM,1623089043.0
939,hilo,19.7297,-155.09,25.340000000000032,83.0,50.0,1.34,US,1623089043.0
940,mehamn,71.0357,27.8492,8.950000000000045,56.0,65.0,2.41,NO,1623089044.0
941,ejido,8.5514,-71.2375,21.54000000000002,87.0,99.0,1.81,VE,1623089044.0
942,araouane,18.9048,-3.5265,42.960000000000036,5.0,4.0,6.7,ML,1623089045.0
943,odweyne,9.4092,45.064,27.07000000000005,37.0,4.0,3.49,SO,1623089045.0
944,polson,47.6936,-114.1632,14.29000000000002,43.0,66.0,0.89,US,1623089046.0
945,anadyr,64.75,177.4833,5.0,65.0,92.0,1.79,RU,1623089046.0
946,murashi,59.3999,48.9615,11.590000000000032,47.0,13.0,3.32,RU,1623089047.0
947,tiarei,-17.5333,-149.3333,25.010000000000048,77.0,25.0,4.77,PF,1623089047.0
949,lavrentiya,65.5833,-171.0,0.21000000000003638,86.0,100.0,2.39,RU,1623089047.0
950,tarauaca,-8.1614,-70.7656,31.260000000000048,58.0,89.0,0.96,BR,1623089048.0
951,severnyy-kospashskiy,59.0925,57.8008,9.220000000000027,44.0,5.0,2.13,RU,1623089048.0
952,greenwood,34.1668,-82.1165,29.720000000000027,74.0,40.0,2.57,US,1623089048.0
953,terrasini,38.146,13.0844,22.27000000000004,75.0,20.0,3.6,IT,1623089049.0
954,port hardy,50.6996,-127.4199,11.560000000000002,75.0,100.0,3.17,CA,1623089049.0
955,kidal,18.4411,1.4078,40.900000000000034,10.0,3.0,4.85,ML,1623089049.0
957,san pedro de macoris,18.4616,-69.2972,29.99000000000001,57.0,96.0,5.1,DO,1623088816.0
960,angoche,-16.2325,39.9086,21.930000000000007,80.0,73.0,4.08,MZ,1623089051.0
961,conceicao do araguaia,-8.2578,-49.2647,32.19,33.0,89.0,2.43,BR,1623088882.0
962,gurupa,-1.405,-51.64,30.670000000000016,60.0,37.0,1.58,BR,1623089052.0
963,kahului,20.8947,-156.47,26.58000000000004,81.0,8.0,4.47,US,1623089052.0
964,rio de janeiro,-22.9028,-43.2075,27.970000000000027,70.0,20.0,5.14,BR,1623088502.0
965,kudahuvadhoo,2.6708,72.8944,28.590000000000032,69.0,10.0,7.28,MV,1623089053.0
966,kalangala,-0.3089,32.225,22.640000000000043,68.0,1.0,4.58,UG,1623089053.0
967,vaini,-21.2,-175.2,23.75,81.0,78.0,4.59,TO,1623089054.0
968,sulangan,11.1373,123.7228,28.090000000000032,74.0,98.0,1.16,PH,1623089054.0
969,san carlos de bariloche,-41.1456,-71.3082,7.080000000000041,81.0,90.0,2.99,AR,1623089055.0
972,zaragoza,41.6561,-0.8773,30.08000000000004,24.0,0.0,2.24,ES,1623089055.0
973,ketchikan,55.3422,-131.6461,13.25,66.0,99.0,0.89,US,1623088918.0
974,north bend,43.4065,-124.2243,15.689999999999998,76.0,90.0,2.57,US,1623089056.0
975,buritizeiro,-17.3511,-44.9622,31.5,28.0,37.0,1.27,BR,1623088923.0
978,camacha,33.0833,-16.3333,21.420000000000016,64.0,40.0,6.69,PT,1623089056.0
979,guymon,36.6828,-101.4816,30.82000000000005,51.0,1.0,0.0,US,1623089057.0
980,nuuk,64.1835,-51.7216,7.340000000000032,76.0,75.0,4.12,GL,1623089057.0
981,alofi,-19.0595,-169.9187,25.680000000000007,75.0,87.0,6.12,NU,1623089057.0
982,lagoa,39.05,-27.9833,18.360000000000014,89.0,91.0,6.52,PT,1623089058.0
983,necochea,-38.5473,-58.7368,13.910000000000025,47.0,100.0,5.92,AR,1623089058.0
984,abha,18.2164,42.5053,23.960000000000036,35.0,67.0,1.22,SA,1623089058.0
985,kokopo,-4.352,152.2633,24.77000000000004,85.0,86.0,1.88,PG,1623089059.0
986,kapaa,22.0752,-159.319,26.99000000000001,76.0,27.0,0.89,US,1623089059.0
987,awka,6.2101,7.0741,27.129999999999995,70.0,31.0,1.66,NG,1623089059.0
988,melivoia,39.75,22.8,22.620000000000005,85.0,92.0,2.01,GR,1623089060.0
989,klaksvik,62.2266,-6.589,11.510000000000048,92.0,100.0,8.64,FO,1623089060.0
990,albany,42.6001,-73.9662,34.54000000000002,39.0,14.0,0.45,US,1623089060.0
991,buraydah,26.326,43.975,35.52000000000004,8.0,2.0,5.66,SA,1623089061.0
992,soe,-9.8607,124.284,15.720000000000027,83.0,47.0,1.77,ID,1623089061.0
993,athabasca,54.7169,-113.2854,12.25,71.0,59.0,5.74,CA,1623088804.0
994,korhogo,9.45,-5.6333,28.99000000000001,59.0,83.0,0.54,CI,1623089062.0
995,brae,60.3964,-1.353,11.950000000000045,69.0,96.0,3.5,GB,1623089062.0
996,santa fe,-31.6333,-60.7,13.439999999999998,78.0,100.0,2.74,AR,1623088811.0
997,kamyshevatskaya,46.4132,37.9563,18.390000000000043,74.0,22.0,8.2,RU,1623089063.0
998,vila velha,-20.3297,-40.2925,26.640000000000043,72.0,12.0,0.89,BR,1623088822.0
999,mataura,-46.1927,168.8643,3.8799999999999955,94.0,3.0,1.08,NZ,1623089063.0
